Workbook

Sheet Tracking
A1: Period | B1: Time | C1: Strength | D1: Team | E1: Shooter | F1: Shot Type | G1: A1 | H1: A2 | I1: A3 | J1: A1 Zone | K1: A2 Zone | L1: A3 Zone | M1: SC? | N1: SOG? | O1: Screen? | P1: Rush? | Q1: Origin | R1: Context | S1: Oddman? | T1: G? | U1: State | V1: Goalie | W1: Game ID | X1: Date | Y1: Entry Type | Z1: Entry By | AA1: Defended by | AB1: Pass? | AC1: Lane | AD1: Dump recovered? | AE1: Chance? | AF1: Retrieval | AG1: Result | AH1: Pressure | AI1: Exit | AJ1: Result | AK1: Home | AL1: Road
A2: 1 | B2: 0.77708333 | C2: 5v5 | D2: COL | E2: 10 | F2: w | G2: 27 | J2: ol | M2: y | N2: y | P2: r | Q2: nz | R2: nz turnover | U2: 0 | V2: 29 | W2: 20984 | X2: 46087
A3: 1 | B3: 0.725 | C3: 5v4 | D3: COL | E3: 88 | F3: w | G3: 29 | H3: 88 | I3: 8 | J3: ol | K3: ol | L3: ol | M3: y | N3: y | Q3: oz | R3: oz faceoff | U3: 0 | V3: 29 | W3: 20984 | X3: 46087
A4: 1 | B4: 0.69375 | C4: 5v4 | D4: COL | E4: 88 | F4: w | G4: 29 | J4: oelr | M4: y | N4: y | U4: 0 | V4: 29 | W4: 20984 | X4: 46087
A5: 1 | B5: 0.68541667 | C5: 5v4 | D5: COL | E5: 8 | F5: w | G5: 29 | J5: opl | M5: y | N5: y | O5: y | T5: y | U5: 0 | V5: 29 | W5: 20984 | X5: 46087
A6: 1 | B6: 0.57083333 | C6: 5v4 | D6: DAL | E6: 21 | F6: o | G6: 53 | H6: 21 | I6: 4 | J6: ol | K6: oc | L6: ol | M6: y | N6: y | Q6: oz | R6: oz faceoff | U6: -1 | V6: 39 | W6: 20984 | X6: 46087
A7: 1 | B7: 0.54444444 | C7: 5v4 | D7: DAL | E7: 21 | F7: w | G7: 4 | H7: 21 | J7: ol | K7: or | U7: -1 | V7: 39 | W7: 20984 | X7: 46087
A8: 1 | B8: 0.53402778 | C8: 5v4 | D8: DAL | E8: 4 | F8: w | G8: 21 | J8: opl | N8: y | O8: y | T8: y | U8: -1 | V8: 39 | W8: 20984 | X8: 46087
A9: 1 | B9: 0.49652778 | C9: 5v5 | D9: DAL | E9: 6 | F9: W | G9: 46 | J9: or | N9: y | O9: y | P9: f | Q9: oz | U9: 0 | V9: 39 | W9: 20984 | X9: 46087
A10: 1 | B10: 0.47152778 | C10: 5v5 | D10: COL | E10: 11 | F10: W | G10: 20 | J10: oc | M10: y | N10: y | P10: f | Q10: oz | U10: 0 | V10: 29 | W10: 20984 | X10: 46087
A11: 1 | B11: 0.46666667 | C11: 5v5 | D11: COL | E11: 20 | F11: s | G11: 11 | J11: opl | N11: y | P11: f | Q11: oz | U11: 0 | V11: 29 | W11: 20984 | X11: 46087
A12: 1 | B12: 0.41041667 | C12: 5v5 | D12: DAL | E12: 11 | F12: T | G12: 21 | J12: s | M12: y | N12: y | O12: y | P12: f | Q12: oz | U12: 0 | V12: 39 | W12: 20984 | X12: 46087
A13: 1 | B13: 0.40625 | C13: 5v5 | D13: DAL | E13: 24 | F13: w | G13: 21 | J13: or | M13: y | P13: f | Q13: oz | U13: 0 | V13: 39 | W13: 20984 | X13: 46087
A14: 1 | B14: 0.40208333 | C14: 5v5 | D14: DAL | E14: 23 | F14: t | G14: 24 | J14: ol | M14: y | P14: f | Q14: oz | U14: 0 | V14: 39 | W14: 20984 | X14: 46087
A15: 1 | B15: 0.38958333 | C15: 5v5 | D15: DAL | E15: 53 | F15: W | G15: 4 | J15: ol | M15: Y | N15: Y | P15: f | Q15: oz | T15: y | U15: 0 | V15: 39 | W15: 20984 | X15: 46087
A16: 1 | B16: 0.37986111 | C16: 5v5 | D16: DAL | E16: 95 | F16: t | G16: 18 | H16: 5 | J16: or | K16: dsr | M16: y | N16: y | P16: r | Q16: dz | R16: dz exit | U16: 1 | V16: 39 | W16: 20984 | X16: 46087
A17: 1 | B17: 0.35625 | C17: 5v5 | D17: DAL | E17: 49 | F17: A | M17: y | N17: y | P17: f | Q17: oz | U17: 1 | V17: 39 | W17: 20984 | X17: 46087
A18: 1 | B18: 0.28333333 | C18: 5v5 | D18: DAL | E18: 5 | F18: w | G18: 49 | J18: or | N18: y | Q18: oz | R18: oz faceoff | U18: 1 | V18: 39 | W18: 20984 | X18: 46087
A19: 1 | B19: 0.23194444 | C19: 5v5 | D19: DAL | E19: 46 | F19: w | G19: 18 | J19: oelc | M19: Y | N19: Y | P19: f | Q19: oz | U19: 1 | V19: 39 | W19: 20984 | X19: 46087
A20: 1 | B20: 0.23125 | C20: 5v5 | D20: DAL | E20: 46 | F20: R | M20: Y | N20: Y | P20: f | Q20: oz | U20: 1 | V20: 39 | W20: 20984 | X20: 46087
A21: 1 | B21: 0.20902778 | C21: 5v5 | D21: DAL | E21: 53 | F21: T | G21: 5 | H21: 24 | J21: s | K21: opr | P21: f | Q21: oz | U21: 1 | V21: 39 | W21: 20984 | X21: 46087
A22: 1 | B22: 0.16388889 | C22: 5v5 | D22: DAL | E22: 49 | F22: w | G22: 22 | J22: oelc | M22: y | N22: y | P22: f | Q22: oz | T22: y | U22: 1 | V22: 39 | W22: 20984 | X22: 46087
A23: 1 | B23: 0.072222222 | C23: 5v4 | D23: COL | E23: 11 | F23: o | G23: 8 | H23: 88 | I23: 29 | J23: oc | K23: opl | L23: ol | M23: y | N23: y | U23: 1 | V23: 29 | W23: 20984 | X23: 46087
A24: 1 | B24: 0.067361111 | C24: 5v4 | D24: COL | E24: 92 | F24: t | G24: 29 | H24: 11 | J24: ol | K24: orrr | U24: 1 | V24: 29 | W24: 20984 | X24: 46087
A25: 1 | B25: 0.063194444 | C25: 5v4 | D25: COL | E25: 88 | F25: o | G25: 8 | H25: 11 | J25: oc | K25: opr | M25: y | N25: y | U25: 1 | V25: 29 | W25: 20984 | X25: 46087
A26: 1 | B26: 0.059027778 | C26: 5v4 | D26: COL | E26: 7 | F26: W | G26: 84 | H26: 20 | J26: oc | K26: ofp | M26: Y | N26: Y | Q26: oz | R26: oz faceoff | U26: 1 | V26: 29 | W26: 20984 | X26: 46087
A27: 1 | B27: 0.048611111 | C27: 5v4 | D27: COL | E27: 54 | F27: t | G27: 7 | H27: 13 | I27: 7 | J27: s | K27: opr | L27: oc | Q27: oz | R27: oz faceoff | U27: 1 | V27: 29 | W27: 20984 | X27: 46087
A28: 1 | B28: 0.0013888889 | C28: 5v4 | D28: COL | E28: 29 | F28: o | G28: 88 | H28: 8 | J28: oc | K28: opr | M28: y | N28: y | T28: y | U28: 1 | V28: 29 | W28: 20984 | X28: 46087
A29: 2 | B29: 0.78541667 | C29: 5v5 | D29: COL | E29: 13 | F29: w | G29: 7 | J29: nr | N29: y | P29: r | Q29: nz | R29: nz regroup | U29: 1 | V29: 29 | W29: 20984 | X29: 46087
A30: 2 | B30: 0.76805556 | C30: 5v5 | D30: COL | E30: 84 | F30: w | G30: 11 | J30: oelpr | P30: f | Q30: oz | U30: 1 | V30: 29 | W30: 20984 | X30: 46087
A31: 2 | B31: 0.75555556 | C31: 5v5 | D31: DAL | E31: 14 | F31: w | G31: 49 | J31: oelc | M31: y | N31: y | P31: f | Q31: oz | T31: y | U31: 1 | V31: 39 | W31: 20984 | X31: 46087
A32: 2 | B32: 0.70902778 | C32: 5v5 | D32: DAL | E32: 15 | F32: w | P32: f | Q32: oz | U32: 2 | V32: 39 | W32: 20984 | X32: 46087
A33: 2 | B33: 0.69166667 | C33: 5v5 | D33: COL | E33: 7 | F33: O | G33: 29 | H33: 88 | J33: opl | K33: nr | N33: Y | P33: r | Q33: dz | R33: controlled breakout | U33: 2 | V33: 29 | W33: 20984 | X33: 46087
A34: 2 | B34: 0.68472222 | C34: 5v5 | D34: COL | E34: 29 | F34: O | G34: 88 | J34: oc | M34: Y | N34: Y | P34: f | Q34: oz | U34: 2 | V34: 29 | W34: 20984 | X34: 46087
A35: 2 | B35: 0.65138889 | C35: 5v5 | D35: DAL | E35: 22 | F35: o | G35: 73 | H35: 22 | I35: 49 | J35: orrr | K35: or | L35: or | M35: y | N35: y | P35: f | Q35: oz | U35: 2 | V35: 39 | W35: 20984 | X35: 46087
A36: 2 | B36: 0.65069444 | C36: 5v5 | D36: DAL | E36: 49 | F36: o | G36: 22 | J36: oell | M36: y | N36: y | P36: f | Q36: oz | U36: 2 | V36: 39 | W36: 20984 | X36: 46087
A37: 2 | B37: 0.60069444 | C37: 5v5 | D37: DAL | E37: 18 | F37: o | G37: 6 | H37: 14 | I37: 6 | J37: orrl | K37: nl | L37: nc | M37: y | N37: y | P37: r | Q37: dz | R37: dz exit | U37: 2 | V37: 39 | W37: 20984 | X37: 46087
A38: 2 | B38: 0.53541667 | C38: 5v5 | D38: COL | E38: 92 | F38: w | G38: 8 | H38: 7 | J38: or | K38: ol | M38: y | N38: y | Q38: oz | R38: oz faceoff | U38: 2 | V38: 29 | W38: 20984 | X38: 46087
A39: 2 | B39: 0.49583333 | C39: 5v5 | D39: COL | E39: 88 | F39: w | G39: 29 | H39: 92 | I39: 7 | J39: oc | K39: oc | L39: nl | M39: y | N39: y | P39: r | Q39: nz | R39: nz regroup | T39: y | U39: 2 | V39: 29 | W39: 20984 | X39: 46087
A40: 2 | B40: 0.42986111 | C40: 5v4 | D40: COL | E40: 20 | F40: w | G40: 29 | J40: orrl | M40: y | N40: y | U40: 1 | V40: 29 | W40: 20984 | X40: 46087
A41: 2 | B41: 0.33958333 | C41: 5v5 | D41: COL | E41: 13 | F41: o | G41: 29 | J41: oelc | M41: y | N41: y | P41: c | Q41: oz | U41: 1 | V41: 29 | W41: 20984 | X41: 46087
A42: 2 | B42: 0.32430556 | C42: 5v5 | D42: COL | E42: 29 | F42: o | G42: 88 | J42: or | P42: c | Q42: oz | U42: 1 | V42: 29 | W42: 20984 | X42: 46087
A43: 2 | B43: 0.12847222 | C43: 5v5 | D43: DAL | E43: 14 | F43: w | N43: y | P43: f | Q43: oz | U43: 1 | V43: 39 | W43: 20984 | X43: 46087
A44: 2 | B44: 0.10763889 | C44: 5v5 | D44: COL | E44: 29 | F44: o | G44: 94 | J44: orrl | M44: y | N44: y | P44: f | Q44: oz | U44: 1 | V44: 29 | W44: 20984 | X44: 46087
A45: 2 | B45: 0.10416667 | C45: 5v5 | D45: COL | E45: 42 | F45: w | M45: y | N45: y | P45: f | Q45: oz | U45: 1 | V45: 29 | W45: 20984 | X45: 46087
A46: 2 | B46: 0.099305556 | C46: 5v5 | D46: COL | E46: 54 | F46: w | G46: 42 | J46: oc | N46: y | P46: f | Q46: oz | U46: 1 | V46: 29 | W46: 20984 | X46: 46087
A47: 2 | B47: 0.094444444 | C47: 5v5 | D47: COL | E47: 88 | F47: o | G47: 7 | H47: 8 | J47: oc | K47: or | N47: y | Q47: oz | R47: oz faceoff | U47: 1 | V47: 29 | W47: 20984 | X47: 46087
A48: 2 | B48: 0.075 | C48: 5v5 | D48: DAL | E48: 4 | F48: W | G48: 49 | J48: oc | M48: Y | N48: Y | P48: r | Q48: dz | R48: dz exit | U48: 1 | V48: 39 | W48: 20984 | X48: 46087
A49: 2 | B49: 0.013194444 | C49: 5v5 | D49: DAL | E49: 95 | F49: w | G49: 55 | J49: nsc | M49: y | N49: y | P49: r | Q49: nz | R49: nz reload | U49: 1 | V49: 39 | W49: 20984 | X49: 46087
A50: 3 | B50: 0.77777778 | C50: 5v4 | D50: DAL | E50: 14 | F50: t | G50: 95 | H50: 53 | J50: oc | K50: or | M50: y | Q50: oz | R50: oz faceoff | U50: 1 | V50: 39 | W50: 20984 | X50: 46087
A51: 3 | B51: 0.76458333 | C51: 5v4 | D51: DAL | E51: 55 | F51: T | G51: 5 | J51: s | U51: 1 | V51: 39 | W51: 20984 | X51: 46087
A52: 3 | B52: 0.75972222 | C52: 5v5 | D52: DAL | E52: 49 | F52: T | G52: 5 | H52: 55 | I52: 22 | J52: or | K52: ol | L52: opl | M52: Y | N52: Y | P52: c | Q52: oz | U52: 1 | V52: 39 | W52: 20984 | X52: 46087
A53: 3 | B53: 0.72013889 | C53: 5v5 | D53: DAL | E53: 21 | F53: W | G53: 15 | J53: oelr | M53: y | N53: y | P53: f | Q53: oz | U53: 1 | V53: 39 | W53: 20984 | X53: 46087
A54: 3 | B54: 0.68819444 | C54: 5v5 | D54: COL | E54: 84 | F54: S | N54: Y | P54: f | Q54: oz | U54: 1 | V54: 29 | W54: 20984 | X54: 46087
A55: 3 | B55: 0.67361111 | C55: 5v5 | D55: DAL | E55: 55 | F55: w | N55: y | P55: f | Q55: oz | U55: 1 | V55: 39 | W55: 20984 | X55: 46087
A56: 3 | B56: 0.57152778 | C56: 5v4 | D56: DAL | E56: 21 | F56: b | G56: 53 | J56: nl | P56: r | Q56: nz | U56: 1 | V56: 39 | W56: 20984 | X56: 46087
A57: 3 | B57: 0.53263889 | C57: 5v4 | D57: DAL | E57: 95 | F57: w | G57: 53 | H57: 95 | J57: nr | K57: nr | M57: y | N57: y | P57: r | Q57: nz | U57: 1 | V57: 39 | W57: 20984 | X57: 46087
A58: 3 | B58: 0.52708333 | C58: 5v4 | D58: DAL | E58: 21 | F58: w | U58: 1 | V58: 39 | W58: 20984 | X58: 46087
A59: 3 | B59: 0.25625 | C59: 5v5 | D59: COL | E59: 7 | F59: O | G59: 92 | H59: 29 | J59: orrc | K59: ol | M59: y | N59: y | P59: f | Q59: oz | U59: 1 | V59: 29 | W59: 20984 | X59: 46087
A60: 3 | B60: 0.22430556 | C60: 5v5 | D60: COL | E60: 11 | F60: T | G60: 70 | H60: 20 | J60: s | K60: opr | U60: 1 | V60: 29 | W60: 20984 | X60: 46087
A61: 3 | B61: 0.16805556 | C61: 5v4 | D61: COL | E61: 8 | F61: O | G61: 29 | H61: 11 | J61: or | K61: or | N61: Y | O61: Y | U61: 1 | V61: 29 | W61: 20984 | X61: 46087
A62: 3 | B62: 0.16527778 | C62: 5v4 | D62: COL | E62: 11 | F62: O | G62: 88 | J62: ol | M62: y | N62: y | U62: 1 | V62: 29 | W62: 20984 | X62: 46087
A63: 3 | B63: 0.13958333 | C63: 5v4 | D63: COL | E63: 13 | F63: w | G63: 7 | J63: dc | M63: y | N63: y | P63: r | Q63: nz | R63: nz regroup | U63: 1 | V63: 29 | W63: 20984 | X63: 46087
A64: 3 | B64: 0.13472222 | C64: 5v5 | D64: COL | E64: 7 | F64: w | G64: 13 | J64: opl | N64: y | O64: y | P64: f | Q64: oz | U64: 1 | V64: 29 | W64: 20984 | X64: 46087
A65: 3 | B65: 0.11944444 | C65: 5v5 | D65: COL | E65: 94 | F65: w | G65: 18 | J65: or | N65: y | O65: y | P65: f | Q65: oz | U65: 1 | V65: 29 | W65: 20984 | X65: 46087
A66: 1 | B66: 0.80069444 | C66: 5v5 | Y66: D | Z66: 13COL | AA66: 5DAL | AC66: L | AD66: N | AE66: N | AF66: 55DAL | AG66: MEX
A67: 1 | B67: 0.79027778 | C67: 5v5 | AF67: 5DAL | AG67: EXC | AH67: N | AI67: 14DAL | AJ67: CEX
A68: 1 | B68: 0.78472222 | C68: 5v5 | Y68: F | Z68: 14DAL | AA68: N | AB68: N | AC68: R | AD68: N | AE68: N
A69: 1 | B69: 0.77777778 | C69: 5v5 | Y69: C | Z69: 27COL | AA69: 4DAL | AB69: N | AC69: L | AD69: N | AE69: y | AF69: 46DAL | AG69: EXC | AH69: N | AI69: 14DAL | AJ69: PEX
A70: 1 | B70: 0.77083333 | C70: 5v5 | Y70: C | Z70: 18DAL | AA70: 70COL | AB70: N | AC70: R | AD70: N | AE70: N
A71: 1 | B71: 0.76597222 | C71: 5v5 | Y71: D | Z71: 10COL | AA71: N | AC71: R | AD71: N | AE71: N | AF71: 27COL | AG71: EXC | AH71: N | AI71: 10COL | AJ71: CEX
A72: 1 | B72: 0.73958333 | C72: 5v5 | Y72: X | Z72: COL
A73: 1 | B73: 0.71319444 | C73: 5v4 | Y73: C | Z73: 29COL | AA73: 4DAL | AB73: N | AC73: L | AD73: N | AE73: N
A74: 1 | B74: 0.70416667 | C74: 4v5 | Y74: C | Z74: 53DAL | AA74: N | AB74: N | AC74: R | AD74: N | AE74: N
A75: 1 | B75: 0.69791667 | C75: 5v4 | Y75: D | Z75: 11COL | AA75: 4DAL | AB75: Y | AC75: L | AD75: N | AE75: Y
A76: 1 | B76: 0.67361111 | C76: 5v5 | AF76: 55DAL | AG76: EXC | AH76: 94COL | AI76: 14DAL | AJ76: CLE
A77: 1 | B77: 0.66458333 | C77: 5v5 | Y77: D | Z77: 42COL | AA77: N | AC77: R | AD77: N | AE77: N | AF77: 14DAL | AG77: EXC | AH77: N | AI77: 95DAL | AJ77: CLE
A78: 1 | B78: 0.65625 | C78: 5v5 | Y78: D | Z78: 42COL | AA78: N | AC78: R | AD78: N | AE78: N | AF78: 46DAL | AG78: BOT | AH78: 20COL
A79: 1 | B79: 0.64930556 | C79: 5v5 | AF79: 6DAL | AG79: EXC | AH79: N | AI79: 46DAL | AJ79: MEX
A80: 1 | B80: 0.64236111 | C80: 5v5 | Y80: D | Z80: 10COL | AA80: 46DAL | AC80: L | AD80: N | AE80: N | AF80: 6DAL | AG80: EXC | AH80: 70COL | AI80: 21DAL | AJ80: MEX
A81: 1 | B81: 0.63402778 | C81: 5v5 | Y81: F | Z81: 10COL | AA81: 21DAL | AC81: C | AD81: N | AE81: N
A82: 1 | B82: 0.63125 | C82: 5v5 | Y82: D | Z82: 21DAL | AA82: 70COL | AC82: L | AD82: N | AE82: N | AF82: 27COL | AG82: EXC | AH82: 21DAL | AI82: 13COL | AJ82: PEX
A83: 1 | B83: 0.62430556 | C83: 5v5 | Y83: D | Z83: 92COL | AA83: 23DAL | AC83: R | AD83: N | AE83: N | AF83: 22DAL | AG83: CLE
A84: 1 | B84: 0.60763889 | C84: 5v5 | Y84: C | Z84: 49DAL | AA84: 7COL | AB84: N | AC84: R | AD84: N | AE84: N | AF84: 29COL | AG84: FEX
A85: 1 | B85: 0.55347222 | C85: 5v4 | Y85: C | Z85: 24DAL | AA85: 8COL | AB85: Y | AC85: L | AD85: N | AE85: y
A86: 1 | B86: 0.52569444 | C86: 5v5 | Y86: F | Z86: 88COL | AA86: N | AC86: C | AD86: N | AE86: N
A87: 1 | B87: 0.51875 | C87: 5v5 | Y87: D | Z87: 22DAL | AA87: N | AC87: R | AD87: N | AE87: N | AF87: 29COL | AG87: EXC | AH87: N | AJ87: CLE
A88: 1 | B88: 0.50902778 | C88: 5v5 | AF88: 55DAL | AG88: EXC | AH88: N | AI88: 23DAL | AJ88: CLE
A89: 1 | B89: 0.50555556 | C89: 5v5 | AF89: 39COL | AG89: FEX
A90: 1 | B90: 0.49097222 | C90: 5v5 | Y90: C | Z90: 18DAL | AA90: N | AB90: N | AC90: L | AD90: N | AE90: N
A91: 1 | B91: 0.48472222 | C91: 5v5 | Y91: C | Z91: 42COL | AA91: 46DAL | AB91: N | AC91: L | AD91: N | AE91: N | AF91: 95DAL | AG91: FEX | AH91: 20COL
A92: 1 | B92: 0.45208333 | C92: 5v5 | Y92: F | Z92: 73DAL | AA92: N | AC92: R | AD92: N | AE92: N | AF92: 29DAL | AG92: EXC | AH92: N | AI92: 55DAL | AJ92: PEX
A93: 1 | B93: 0.44722222 | C93: 5v5 | Y93: D | Z93: 20COL | AA93: N | AC93: R | AD93: N | AE93: N
A94: 1 | B94: 0.4375 | C94: 5v5 | Y94: D | Z94: 18COL | AA94: N | AC94: L | AD94: N | AE94: N | AF94: 55DAL | AG94: EXC | AH94: N | AI94: 73DAL | AJ94: PEX
A95: 1 | B95: 0.425 | C95: 5v5 | Y95: D | Z95: 11DAL | AA95: 7COL | AC95: L | AD95: 21DAL | AE95: y | AF95: 55DAL | AG95: EXC | AH95: N | AI95: 5DAL | AJ95: PEX
A96: 1 | B96: 0.38125 | C96: 5v5 | Y96: C | Z96: 18DAL | AA96: 29COL | AB96: N | AC96: R | AD96: N | AE96: y
A97: 1 | B97: 0.37013889 | C97: 5v5 | Y97: C | Z97: 55DAL | AA97: N | AB97: N | AC97: L | AD97: N | AE97: N | AF97: 70COL | AG97: BOT | AH97: 18DAL
A98: 1 | B98: 0.35277778 | C98: 5v5 | Y98: C | Z98: 88COL | AA98: 6DAL | AB98: N | AC98: R | AD98: N | AE98: N
A99: 1 | B99: 0.34652778 | C99: 5v5 | Y99: C | Z99: 73DAL | AA99: 42COL | AB99: N | AC99: R | AD99: N | AE99: N
A100: 1 | B100: 0.33958333 | C100: 5v5 | Y100: C | Z100: 11COL | AA100: 4DAL | AB100: N | AC100: L | AD100: N | AE100: N | AF100: 49DAL | AG100: FEX
...

Sheet Player List
A1: # | B1: Player | C1: Team | D1: Pos. | E1: 5v5 TOI | F1: Year | G1: Game | H1: Shots | I1: Shots On Goal | J1: Chances | K1: Passes | L1: Primary Shot Assists | M1: Secondary Assists | N1: Tertiary Assists | O1: Chance Assists | P1: Home Plate | Q1: Low-to-High | R1: Behind Net | S1: Center Lane Assists | T1: NZ Assist | U1: DZ Assist | V1: Shots off Rush | W1: Assists off Rush | X1: Shots off Forecheck or Cycle | Y1: Assists off Forecheck | Z1: Shots off Cycle | AA1: Assists off Cycle | AB1: Shots off HD Passes | AC1: Zone Entries | AD1: Carries | AE1: Failed Entries | AF1: Entries w/ Passing Play | AG1: Recoveries | AH1: Carries w/ Chances | AI1: Dump-in Chances | AJ1: Forecheck Pressures | AK1: DZ Puck Touches | AL1: DZ Retrievals | AM1: Zone Exits | AN1: Exits w/ Possession | AO1: Carried Exits | AP1: Passed Exits | AQ1: Clears | AR1: Missed Passes | AS1: Retrievals Leading to Exits | AT1: Botched Retrievals | AU1: Exchanges | AV1: Failed Exit | AW1: Rushed Exits | AX1: Second Touch Exits | AY1: Targets | AZ1: Carries | BA1: Denials | BB1: Passes Allowed | BC1: Carries w/ Chance Against | BD1: Dump-in w/ Chance Against | BE1: 5v4 Entries | BF1: 5v4 Carries | BG1: 5v4 Setups | BH1: 4v5 Entries | BI1: 4v5 Carry Denials | BJ1: 5v4 Shots | BK1: 5v4 Passes | BL1: 5v4 Primary Setups | BM1: 5v4 Chances | BN1: 5v4 Chance Setups | BO1: 5v4 Cross-Slot | BP1: 5v4 Low-to-High | BQ1: 5v4 Goal Line | BR1: One-timer | BS1: Rebounds | BT1: Deflections | BU1: One-timer Assists | BV1: Rebound Assists | BW1: Deflection Assists | BX1: OZ | BY1: NZ | BZ1: DZ | CA1: OZ Assists | CB1: NZ Assists | CC1: DZ Assists | CD1: DZ Retrieval | CE1: DZ Counter | CF1: NZ Turnover | CG1: NZ Regroup | CH1: NZ Reload | CI1: DZ Controlled Breakout | CJ1: Microstat Game Score | CK1: Offense | CL1: Zone Entries | CM1: Entry Defense | CN1: Exits | CO1: Forechecking | CP1: Special Teams | CQ1: 5v5 Game Score
A2: 73 | B2: Adam Erne | C2: DAL | D2: L | E2: 10.383333 | F2: 2025-26 | G2: 3/6/2026 DAL vs. COL | H2: =COUNTIFS(Tracking!E:E,A2,Tracking!D:D,C2,Tracking!C:C,"5v5") | I2: =COUNTIFS(Tracking!E:E,A2,Tracking!D:D,C2,Tracking!N:N,"y",Tracking!C:C,"5v5") | J2: =COUNTIFS(Tracking!E:E,A2,Tracking!D:D,C2,Tracking!M:M,"y",Tracking!C:C,"5v5") | K2: =L2+M2+N2 | L2: =COUNTIFS(Tracking!G:G,A2,Tracking!D:D,C2,Tracking!C:C,"5v5") | M2: =COUNTIFS(Tracking!H:H,A2,Tracking!D:D,C2,Tracking!C:C,"5v5") | N2: =COUNTIFS(Tracking!I:I,A2,Tracking!D:D,C2,Tracking!C:C,"5v5") | O2: =COUNTIFS(Tracking!G:G,A2,Tracking!D:D,C2,Tracking!C:C,"5v5",Tracking!M:M,"y") | P2: =COUNTIFS(Tracking!G:G,A2,Tracking!D:D,C2,Tracking!C:C,"5v5",Tracking!J:J,"orrl")+COUNTIFS(Tracking!G:G,A2,Tracking!D:D,C2,Tracking!C:C,"5v5",Tracking!J:J,"orrc")+COUNTIFS(Tracking!G:G,A2,Tracking!D:D,C2,Tracking!C:C,"5v5",Tracking!J:J,"orrr")+COUNTIFS(Tracking!G:G,A2,Tracking!D:D,C2,Tracking!C:C,"5v5",Tracking!J:J,"oelrrl")+COUNTIFS(Tracking!G:G,A2,Tracking!D:D,C2,Tracking!C:C,"5v5",Tracking!J:J,"oelrrc")+COUNTIFS(Tracking!G:G,A2,Tracking!D:D,C2,Tracking!C:C,"5v5",Tracking!J:J,"oelrrr") | Q2: =COUNTIFS(Tracking!G:G,A2,Tracking!D:D,C2,Tracking!C:C,"5v5",Tracking!J:J,"opl")+COUNTIFS(Tracking!G:G,A2,Tracking!D:D,C2,Tracking!C:C,"5v5",Tracking!J:J,"opc")+COUNTIFS(Tracking!G:G,A2,Tracking!D:D,C2,Tracking!C:C,"5v5",Tracking!J:J,"opr")+COUNTIFS(Tracking!G:G,A2,Tracking!D:D,C2,Tracking!C:C,"5v5",Tracking!J:J,"oelpl")+COUNTIFS(Tracking!G:G,A2,Tracking!D:D,C2,Tracking!C:C,"5v5",Tracking!J:J,"oelpc")+COUNTIFS(Tracking!G:G,A2,Tracking!D:D,C2,Tracking!C:C,"5v5",Tracking!J:J,"oelpr") | R2: =COUNTIFS(Tracking!G:G,A2,Tracking!D:D,C2,Tracking!C:C,"5v5",Tracking!J:J,"oell")+COUNTIFS(Tracking!G:G,A2,Tracking!D:D,C2,Tracking!C:C,"5v5",Tracking!J:J,"oelc")+COUNTIFS(Tracking!G:G,A2,Tracking!D:D,C2,Tracking!C:C,"5v5",Tracking!J:J,"oelr") | S2: =COUNTIFS(Tracking!G:G,A2,Tracking!D:D,C2,Tracking!C:C,"5v5",Tracking!J:J,"oc")+COUNTIFS(Tracking!G:G,A2,Tracking!D:D,C2,Tracking!C:C,"5v5",Tracking!J:J,"orrc")+COUNTIFS(Tracking!G:G,A2,Tracking!D:D,C2,Tracking!C:C,"5v5",Tracking!J:J,"oelc") | T2: =COUNTIFS(Tracking!G:G,A2,Tracking!D:D,C2,Tracking!C:C,"5v5",Tracking!J:J,"nl")+COUNTIFS(Tracking!G:G,A2,Tracking!D:D,C2,Tracking!C:C,"5v5",Tracking!J:J,"nc")+COUNTIFS(Tracking!G:G,A2,Tracking!D:D,C2,Tracking!C:C,"5v5",Tracking!J:J,"nr")+COUNTIFS(Tracking!G:G,A2,Tracking!D:D,C2,Tracking!C:C,"5v5",Tracking!J:J,"nsl")+COUNTIFS(Tracking!G:G,A2,Tracking!D:D,C2,Tracking!C:C,"5v5",Tracking!J:J,"nsc")+COUNTIFS(Tracking!G:G,A2,Tracking!D:D,C2,Tracking!C:C,"5v5",Tracking!J:J,"nsr")+COUNTIFS(Tracking!H:H,A2,Tracking!D:D,C2,Tracking!C:C,"5v5",Tracking!K:K,"nl")+COUNTIFS(Tracking!H:H,A2,Tracking!D:D,C2,Tracking!C:C,"5v5",Tracking!K:K,"nc")+COUNTIFS(Tracking!H:H,A2,Tracking!D:D,C2,Tracking!C:C,"5v5",Tracking!K:K,"nr")+COUNTIFS(Tracking!H:H,A2,Tracking!D:D,C2,Tracking!C:C,"5v5",Tracking!K:K,"nsl")+COUNTIFS(Tracking!H:H,A2,Tracking!D:D,C2,Tracking!C:C,"5v5",Tracking!K:K,"nsc")+COUNTIFS(Tracking!H:H,A2,Tracking!D:D,C2,Tracking!C:C,"5v5",Tracking!K:K,"nsr")+COUNTIFS(Tracking!I:I,A2,Tracking!D:D,C2,Tracking!C:C,"5v5",Tracking!L:L,"nl")+COUNTIFS(Tracking!I:I,A2,Tracking!D:D,C2,Tracking!C:C,"5v5",Tracking!L:L,"nc")+COUNTIFS(Tracking!I:I,A2,Tracking!D:D,C2,Tracking!C:C,"5v5",Tracking!L:L,"nr")+COUNTIFS(Tracking!I:I,A2,Tracking!D:D,C2,Tracking!C:C,"5v5",Tracking!L:L,"nsl")+COUNTIFS(Tracking!I:I,A2,Tracking!D:D,C2,Tracking!C:C,"5v5",Tracking!L:L,"nsc")+COUNTIFS(Tracking!I:I,A2,Tracking!D:D,C2,Tracking!C:C,"5v5",Tracking!L:L,"nsr") | U2: =COUNTIFS(Tracking!G:G,A2,Tracking!D:D,C2,Tracking!C:C,"5v5",Tracking!J:J,"dl")+COUNTIFS(Tracking!G:G,A2,Tracking!D:D,C2,Tracking!C:C,"5v5",Tracking!J:J,"dc")+COUNTIFS(Tracking!G:G,A2,Tracking!D:D,C2,Tracking!C:C,"5v5",Tracking!J:J,"dr")+COUNTIFS(Tracking!G:G,A2,Tracking!D:D,C2,Tracking!C:C,"5v5",Tracking!J:J,"dsl")+COUNTIFS(Tracking!G:G,A2,Tracking!D:D,C2,Tracking!C:C,"5v5",Tracking!J:J,"dsc")+COUNTIFS(Tracking!G:G,A2,Tracking!D:D,C2,Tracking!C:C,"5v5",Tracking!J:J,"dsr")+COUNTIFS(Tracking!H:H,A2,Tracking!D:D,C2,Tracking!C:C,"5v5",Tracking!K:K,"dl")+COUNTIFS(Tracking!H:H,A2,Tracking!D:D,C2,Tracking!C:C,"5v5",Tracking!K:K,"dc")+COUNTIFS(Tracking!H:H,A2,Tracking!D:D,C2,Tracking!C:C,"5v5",Tracking!K:K,"dr")+COUNTIFS(Tracking!H:H,A2,Tracking!D:D,C2,Tracking!C:C,"5v5",Tracking!K:K,"dsl")+COUNTIFS(Tracking!H:H,A2,Tracking!D:D,C2,Tracking!C:C,"5v5",Tracking!K:K,"dsc")+COUNTIFS(Tracking!H:H,A2,Tracking!D:D,C2,Tracking!C:C,"5v5",Tracking!K:K,"dsr")+COUNTIFS(Tracking!I:I,A2,Tracking!D:D,C2,Tracking!C:C,"5v5",Tracking!L:L,"dl")+COUNTIFS(Tracking!I:I,A2,Tracking!D:D,C2,Tracking!C:C,"5v5",Tracking!L:L,"dc")+COUNTIFS(Tracking!I:I,A2,Tracking!D:D,C2,Tracking!C:C,"5v5",Tracking!L:L,"dr")+COUNTIFS(Tracking!I:I,A2,Tracking!D:D,C2,Tracking!C:C,"5v5",Tracking!L:L,"dsl")+COUNTIFS(Tracking!I:I,A2,Tracking!D:D,C2,Tracking!C:C,"5v5",Tracking!L:L,"dsc")+COUNTIFS(Tracking!I:I,A2,Tracking!D:D,C2,Tracking!C:C,"5v5",Tracking!L:L,"dsr") | V2: =COUNTIFS(Tracking!E:E,A2,Tracking!D:D,C2,Tracking!C:C,"5v5",Tracking!P:P,"r") | W2: =COUNTIFS(Tracking!G:G,A2,Tracking!D:D,C2,Tracking!C:C,"5v5",Tracking!P:P,"r")+COUNTIFS(Tracking!H:H,A2,Tracking!D:D,C2,Tracking!C:C,"5v5",Tracking!P:P,"r")+COUNTIFS(Tracking!I:I,A2,Tracking!D:D,C2,Tracking!C:C,"5v5",Tracking!P:P,"r") | X2: =COUNTIFS(Tracking!E:E,A2,Tracking!D:D,C2,Tracking!C:C,"5v5",Tracking!P:P,"f") | Y2: =COUNTIFS(Tracking!G:G,A2,Tracking!D:D,C2,Tracking!C:C,"5v5",Tracking!P:P,"f")+COUNTIFS(Tracking!H:H,A2,Tracking!D:D,C2,Tracking!C:C,"5v5",Tracking!P:P,"f")+COUNTIFS(Tracking!I:I,A2,Tracking!D:D,C2,Tracking!C:C,"5v5",Tracking!P:P,"f") | Z2: =COUNTIFS(Tracking!E:E,A2,Tracking!D:D,C2,Tracking!C:C,"5v5",Tracking!P:P,"c") | AA2: =COUNTIFS(Tracking!G:G,A2,Tracking!D:D,C2,Tracking!C:C,"5v5",Tracking!P:P,"c")+COUNTIFS(Tracking!H:H,A2,Tracking!D:D,C2,Tracking!C:C,"5v5",Tracking!P:P,"f")+COUNTIFS(Tracking!I:I,A2,Tracking!D:D,C2,Tracking!C:C,"5v5",Tracking!P:P,"f") | AB2: =COUNTIFS(Tracking!E:E,A2,Tracking!D:D,C2,Tracking!C:C,"5v5",Tracking!J:J,"orrl")+COUNTIFS(Tracking!E:E,A2,Tracking!D:D,C2,Tracking!C:C,"5v5",Tracking!J:J,"orrc")+COUNTIFS(Tracking!E:E,A2,Tracking!D:D,C2,Tracking!C:C,"5v5",Tracking!J:J,"orrr")+COUNTIFS(Tracking!E:E,A2,Tracking!D:D,C2,Tracking!C:C,"5v5",Tracking!J:J,"oell")+COUNTIFS(Tracking!E:E,A2,Tracking!D:D,C2,Tracking!C:C,"5v5",Tracking!J:J,"oelc")+COUNTIFS(Tracking!E:E,A2,Tracking!D:D,C2,Tracking!C:C,"5v5",Tracking!J:J,"oelr") | AC2: =COUNTIFS(Tracking!Z:Z,A2&C2,Tracking!C:C,"5v5")-AE2 | AD2: =COUNTIFS(Tracking!Z:Z,A2&C2,Tracking!C:C,"5v5",Tracking!Y:Y,"C") | AE2: =COUNTIFS(Tracking!Z:Z,A2&C2,Tracking!C:C,"5v5",Tracking!Y:Y,"F") | AF2: =COUNTIFS(Tracking!Z:Z,A2&C2,Tracking!C:C,"5v5",Tracking!Y:Y,"C",Tracking!AB:AB,"Y") | AG2: =COUNTIFS(Tracking!AD:AD,A2&C2,Tracking!C:C,"5v5") | AH2: =COUNTIFS(Tracking!Z:Z,A2&C2,Tracking!C:C,"5v5",Tracking!Y:Y,"C",Tracking!AE:AE,"Y") | AI2: =COUNTIFS(Tracking!Z:Z,A2&C2,Tracking!C:C,"5v5",Tracking!Y:Y,"D",Tracking!AE:AE,"Y") | AJ2: =COUNTIFS(Tracking!AH:AH,A2&C2) | AK2: =COUNTIFS(Tracking!AI:AI,A2&C2,Tracking!C:C,"5v5")+AL2 | AL2: =COUNTIFS(Tracking!AF:AF,A2&C2,Tracking!C:C,"5v5")-AT2 | AM2: =COUNTIFS(Tracking!AF:AF,A2&C2,Tracking!C:C,"5v5",Tracking!AG:AG,"CLE")+COUNTIFS(Tracking!AF:AF,A2&C2,Tracking!C:C,"5v5",Tracking!AG:AG,"CEX")+COUNTIFS(Tracking!AF:AF,A2&C2,Tracking!C:C,"5v5",Tracking!AG:AG,"PEX")+COUNTIFS(Tracking!AI:AI,A2&C2,Tracking!C:C,"5v5",Tracking!AJ:AJ,"CLE")+COUNTIFS(Tracking!AI:AI,A2&C2,Tracking!C:C,"5v5",Tracking!AJ:AJ,"CEX")+COUNTIFS(Tracking!AI:AI,A2&C2,Tracking!C:C,"5v5",Tracking!AJ:AJ,"PEX") | AN2: =COUNTIFS(Tracking!AF:AF,A2&C2,Tracking!C:C,"5v5",Tracking!AG:AG,"CEX")+COUNTIFS(Tracking!AF:AF,A2&C2,Tracking!C:C,"5v5",Tracking!AG:AG,"PEX")+COUNTIFS(Tracking!AI:AI,A2&C2,Tracking!C:C,"5v5",Tracking!AJ:AJ,"CEX")+COUNTIFS(Tracking!AI:AI,A2&C2,Tracking!C:C,"5v5",Tracking!AJ:AJ,"PEX") | AO2: =COUNTIFS(Tracking!AF:AF,A2&C2,Tracking!C:C,"5v5",Tracking!AG:AG,"CEX")+COUNTIFS(Tracking!AI:AI,A2&C2,Tracking!C:C,"5v5",Tracking!AJ:AJ,"CEX") | AP2: =COUNTIFS(Tracking!AF:AF,A2&C2,Tracking!C:C,"5v5",Tracking!AG:AG,"PEX") | AQ2: =COUNTIFS(Tracking!AF:AF,A2&C2,Tracking!C:C,"5v5",Tracking!AG:AG,"CLE")+COUNTIFS(Tracking!AI:AI,A2&C2,Tracking!C:C,"5v5",Tracking!AJ:AJ,"CLE") | AR2: =COUNTIFS(Tracking!AF:AF,A2&C2,Tracking!C:C,"5v5",Tracking!AG:AG,"MEX") | AS2: =COUNTIFS(Tracking!AF:AF,A2&C2,Tracking!C:C,"5v5",Tracking!AJ:AJ,"CEX")+COUNTIFS(Tracking!AF:AF,A2&C2,Tracking!C:C,"5v5",Tracking!AJ:AJ,"PEX")+COUNTIFS(Tracking!AF:AF,A2&C2,Tracking!C:C,"5v5",Tracking!AJ:AJ,"CLE")+COUNTIFS(Tracking!AF:AF,A2&C2,Tracking!C:C,"5v5",Tracking!AG:AG,"CEX")+COUNTIFS(Tracking!AF:AF,A2&C2,Tracking!C:C,"5v5",Tracking!AG:AG,"PEX") | AT2: =COUNTIFS(Tracking!AF:AF,A2&C2,Tracking!C:C,"5v5",Tracking!AG:AG,"BOT")+COUNTIFS(Tracking!AF:AF,A2&C2,Tracking!C:C,"5v5",Tracking!AG:AG,"FEX") | AU2: =COUNTIFS(Tracking!AF:AF,A2&C2,Tracking!C:C,"5v5",Tracking!AG:AG,"EXC") | AV2: =COUNTIFS(Tracking!AF:AF,A2&C2,Tracking!C:C,"5v5",Tracking!AG:AG,"FEX")+COUNTIFS(Tracking!AI:AI,A2&C2,Tracking!C:C,"5v5",Tracking!AJ:AJ,"FEX") | AW2: =COUNTIFS(Tracking!AF:AF,A2&C2,Tracking!C:C,"5v5",Tracking!AG:AG,"CLE")+COUNTIFS(Tracking!AF:AF,A2&C2,Tracking!C:C,"5v5",Tracking!AG:AG,"CEX")+COUNTIFS(Tracking!AF:AF,A2&C2,Tracking!C:C,"5v5",Tracking!AG:AG,"PEX") | AX2: =COUNTIFS(Tracking!AI:AI,A2&C2,Tracking!C:C,"5v5",Tracking!AJ:AJ,"CLE")+COUNTIFS(Tracking!AI:AI,A2&C2,Tracking!C:C,"5v5",Tracking!AJ:AJ,"CEX")+COUNTIFS(Tracking!AI:AI,A2&C2,Tracking!C:C,"5v5",Tracking!AJ:AJ,"PEX") | AY2: =COUNTIFS(Tracking!AA:AA,A2&C2,Tracking!C:C,"5v5") | AZ2: =COUNTIFS(Tracking!AA:AA,A2&C2,Tracking!C:C,"5v5",Tracking!Y:Y,"C") | BA2: =COUNTIFS(Tracking!AA:AA,A2&C2,Tracking!C:C,"5v5",Tracking!Y:Y,"F") | BB2: =COUNTIFS(Tracking!AA:AA,A2&C2,Tracking!C:C,"5v5",Tracking!AB:AB,"Y") | BC2: =COUNTIFS(Tracking!AA:AA,A2&C2,Tracking!C:C,"5v5",Tracking!Y:Y,"C",Tracking!AE:AE,"Y") | BD2: =COUNTIFS(Tracking!AA:AA,A2&C2,Tracking!C:C,"5v5",Tracking!Y:Y,"D",Tracking!AE:AE,"Y") | BE2: =COUNTIFS(Tracking!Z:Z,A2&C2,Tracking!C:C,"5v4") | BF2: =COUNTIFS(Tracking!Z:Z,A2&C2,Tracking!C:C,"5v4",Tracking!Y:Y,"C") | BG2: =COUNTIFS(Tracking!Z:Z,A2&C2,Tracking!C:C,"5v4",Tracking!AB:AB,"Y") | BH2: =COUNTIFS(Tracking!Z:Z,A2&C2,Tracking!C:C,"4v5") | BI2: =COUNTIFS(Tracking!AA:AA,A2&C2,Tracking!C:C,"5v4",Tracking!Y:Y,"D")+COUNTIFS(Tracking!AA:AA,A2&C2,Tracking!C:C,"5v4",Tracking!Y:Y,"F") | BJ2: =COUNTIFS(Tracking!E:E,A2,Tracking!D:D,C2,Tracking!C:C,"5v4") | BK2: =COUNTIFS(Tracking!G:G,A2,Tracking!D:D,C2,Tracking!C:C,"5v4")+COUNTIFS(Tracking!H:H,A2,Tracking!D:D,C2,Tracking!C:C,"5v4")+COUNTIFS(Tracking!I:I,A2,Tracking!D:D,C2,Tracking!C:C,"5v4") | BL2: =COUNTIFS(Tracking!G:G,A2,Tracking!D:D,C2,Tracking!C:C,"5v4") | BM2: =COUNTIFS(Tracking!E:E,A2,Tracking!D:D,C2,Tracking!C:C,"5v4",Tracking!M:M,"Y") | BN2: =COUNTIFS(Tracking!G:G,A2,Tracking!D:D,C2,Tracking!C:C,"5v4",Tracking!M:M,"Y") | BO2: =COUNTIFS(Tracking!G:G,A2,Tracking!D:D,C2,Tracking!J:J,"orrl",Tracking!C:C,"5v4")+COUNTIFS(Tracking!G:G,A2,Tracking!D:D,C2,Tracking!J:J,"orrc",Tracking!C:C,"5v4")+COUNTIFS(Tracking!G:G,A2,Tracking!D:D,C2,Tracking!J:J,"orrr",Tracking!C:C,"5v4") | BP2: =COUNTIFS(Tracking!G:G,A2,Tracking!D:D,C2,Tracking!C:C,"5v4",Tracking!J:J,"opl")+COUNTIFS(Tracking!G:G,A2,Tracking!D:D,C2,Tracking!C:C,"5v4",Tracking!J:J,"opc")+COUNTIFS(Tracking!G:G,A2,Tracking!D:D,C2,Tracking!C:C,"5v4",Tracking!J:J,"opr")+COUNTIFS(Tracking!G:G,A2,Tracking!D:D,C2,Tracking!C:C,"5v4",Tracking!J:J,"oelpl")+COUNTIFS(Tracking!G:G,A2,Tracking!D:D,C2,Tracking!C:C,"5v4",Tracking!J:J,"oelpc")+COUNTIFS(Tracking!G:G,A2,Tracking!D:D,C2,Tracking!C:C,"5v4",Tracking!J:J,"oelpr") | BQ2: =COUNTIFS(Tracking!G:G,A2,Tracking!D:D,C2,Tracking!C:C,"5v4",Tracking!J:J,"oell")+COUNTIFS(Tracking!G:G,A2,Tracking!D:D,C2,Tracking!C:C,"5v4",Tracking!J:J,"oelc")+COUNTIFS(Tracking!G:G,A2,Tracking!D:D,C2,Tracking!C:C,"5v4",Tracking!J:J,"oelr") | BR2: =COUNTIFS(Tracking!E:E,A2,Tracking!D:D,C2,Tracking!C:C,"5v5",Tracking!F:F,"o") | BS2: =COUNTIFS(Tracking!E:E,A2,Tracking!D:D,C2,Tracking!C:C,"5v5",Tracking!F:F,"r") | BT2: =COUNTIFS(Tracking!E:E,A2,Tracking!D:D,C2,Tracking!C:C,"5v5",Tracking!F:F,"t") | BU2: =COUNTIFS(Tracking!G:G,A2,Tracking!D:D,C2,Tracking!C:C,"5v5",Tracking!F:F,"o") | BV2: =COUNTIFS(Tracking!E:E,A1,Tracking!D:D,C2,Tracking!C:C,"5v5",Tracking!F:F,"r") | BW2: =COUNTIFS(Tracking!G:G,A2,Tracking!D:D,C2,Tracking!C:C,"5v5",Tracking!F:F,"T") | BX2: =COUNTIFS(Tracking!E:E,A2,Tracking!D:D,C2,Tracking!C:C,"5v5",Tracking!Q:Q,"OZ") | BY2: =COUNTIFS(Tracking!E:E,A2,Tracking!D:D,C2,Tracking!C:C,"5v5",Tracking!Q:Q,"nZ") | BZ2: =COUNTIFS(Tracking!E:E,A2,Tracking!D:D,C2,Tracking!C:C,"5v5",Tracking!Q:Q,"dZ") | CA2: =COUNTIFS(Tracking!G:G,A2,Tracking!D:D,C2,Tracking!C:C,"5v5",Tracking!Q:Q,"OZ")+COUNTIFS(Tracking!H:H,A2,Tracking!D:D,C2,Tracking!C:C,"5v5",Tracking!Q:Q,"OZ")+COUNTIFS(Tracking!I:I,A2,Tracking!D:D,C2,Tracking!C:C,"5v5",Tracking!Q:Q,"OZ") | CB2: =COUNTIFS(Tracking!G:G,A2,Tracking!D:D,C2,Tracking!C:C,"5v5",Tracking!Q:Q,"nZ")+COUNTIFS(Tracking!H:H,A2,Tracking!D:D,C2,Tracking!C:C,"5v5",Tracking!Q:Q,"nZ")+COUNTIFS(Tracking!I:I,A2,Tracking!D:D,C2,Tracking!C:C,"5v5",Tracking!Q:Q,"nZ") | CC2: =COUNTIFS(Tracking!G:G,A2,Tracking!D:D,C2,Tracking!C:C,"5v5",Tracking!Q:Q,"dZ")+COUNTIFS(Tracking!H:H,A2,Tracking!D:D,C2,Tracking!C:C,"5v5",Tracking!Q:Q,"dZ")+COUNTIFS(Tracking!I:I,A2,Tracking!D:D,C2,Tracking!C:C,"5v5",Tracking!Q:Q,"dZ") | CD2: =COUNTIFS(Tracking!E:E,A2,Tracking!D:D,C2,Tracking!C:C,"5v5",Tracking!R:R,"dz exit") | CE2: =COUNTIFS(Tracking!E:E,A2,Tracking!D:D,C2,Tracking!C:C,"5v5",Tracking!R:R,"dz counter") | CF2: =COUNTIFS(Tracking!E:E,A2,Tracking!D:D,C2,Tracking!C:C,"5v5",Tracking!R:R,"nz turnover") | CG2: =COUNTIFS(Tracking!E:E,A2,Tracking!D:D,C2,Tracking!C:C,"5v5",Tracking!R:R,"nz regroup") | CH2: =COUNTIFS(Tracking!E:E,A2,Tracking!D:D,C2,Tracking!C:C,"5v5",Tracking!R:R,"nz reload") | CI2: =COUNTIFS(Tracking!E:E,A2,Tracking!D:D,C2,Tracking!C:C,"5v5",Tracking!R:R,"controlled breakout") | CJ2: =CK2+CL2+CM2+CN2+CO2+CP2 | CK2: =(0.075*H2)+(0.07*L2)+(0.055*M2)+(0.055*N2)+(0.095*J2)+(0.09*O2)+(0.05*P2)+(0.05*R2)+(0.05*S2)+(0.05*AB2) | CL2: =(0.045*AD2)-(0.045*AE2)+(0.055*AH2)+(0.035*AI2) | CM2: =(0.025*(AY2-AZ2))+(0.035*BA2)-(0.015*BB2)-(0.015*BC2)+(0.015*(AY2-(BD2+BC2))) | CN2: =(0.035*AN2)+(0.025*AS2)-(0.035*AT2)-(0.035*AV2) | CO2: =(0.015*AJ2)+(0.045*AG2) | CP2: =(0.055*BM2)+(0.055*BN2)+(0.035*BO2)+(0.035*BQ2)+(0.055*BH2)+(0.035*BI2)+(0.035*BG2) | CQ2: =CK2+CL2+CM2+CN2+CO2
A3: 15 | B3: Colin Blackwell | C3: DAL | D3: C | E3: 7.8166667 | F3: 2025-26 | G3: 3/6/2026 DAL vs. COL | H3: =COUNTIFS(Tracking!E:E,A3,Tracking!D:D,C3,Tracking!C:C,"5v5") | I3: =COUNTIFS(Tracking!E:E,A3,Tracking!D:D,C3,Tracking!N:N,"y",Tracking!C:C,"5v5") | J3: =COUNTIFS(Tracking!E:E,A3,Tracking!D:D,C3,Tracking!M:M,"y",Tracking!C:C,"5v5") | K3: =L3+M3+N3 | L3: =COUNTIFS(Tracking!G:G,A3,Tracking!D:D,C3,Tracking!C:C,"5v5") | M3: =COUNTIFS(Tracking!H:H,A3,Tracking!D:D,C3,Tracking!C:C,"5v5") | N3: =COUNTIFS(Tracking!I:I,A3,Tracking!D:D,C3,Tracking!C:C,"5v5") | O3: =COUNTIFS(Tracking!G:G,A3,Tracking!D:D,C3,Tracking!C:C,"5v5",Tracking!M:M,"y") | P3: =COUNTIFS(Tracking!G:G,A3,Tracking!D:D,C3,Tracking!C:C,"5v5",Tracking!J:J,"orrl")+COUNTIFS(Tracking!G:G,A3,Tracking!D:D,C3,Tracking!C:C,"5v5",Tracking!J:J,"orrc")+COUNTIFS(Tracking!G:G,A3,Tracking!D:D,C3,Tracking!C:C,"5v5",Tracking!J:J,"orrr")+COUNTIFS(Tracking!G:G,A3,Tracking!D:D,C3,Tracking!C:C,"5v5",Tracking!J:J,"oelrrl")+COUNTIFS(Tracking!G:G,A3,Tracking!D:D,C3,Tracking!C:C,"5v5",Tracking!J:J,"oelrrc")+COUNTIFS(Tracking!G:G,A3,Tracking!D:D,C3,Tracking!C:C,"5v5",Tracking!J:J,"oelrrr") | Q3: =COUNTIFS(Tracking!G:G,A3,Tracking!D:D,C3,Tracking!C:C,"5v5",Tracking!J:J,"opl")+COUNTIFS(Tracking!G:G,A3,Tracking!D:D,C3,Tracking!C:C,"5v5",Tracking!J:J,"opc")+COUNTIFS(Tracking!G:G,A3,Tracking!D:D,C3,Tracking!C:C,"5v5",Tracking!J:J,"opr")+COUNTIFS(Tracking!G:G,A3,Tracking!D:D,C3,Tracking!C:C,"5v5",Tracking!J:J,"oelpl")+COUNTIFS(Tracking!G:G,A3,Tracking!D:D,C3,Tracking!C:C,"5v5",Tracking!J:J,"oelpc")+COUNTIFS(Tracking!G:G,A3,Tracking!D:D,C3,Tracking!C:C,"5v5",Tracking!J:J,"oelpr") | R3: =COUNTIFS(Tracking!G:G,A3,Tracking!D:D,C3,Tracking!C:C,"5v5",Tracking!J:J,"oell")+COUNTIFS(Tracking!G:G,A3,Tracking!D:D,C3,Tracking!C:C,"5v5",Tracking!J:J,"oelc")+COUNTIFS(Tracking!G:G,A3,Tracking!D:D,C3,Tracking!C:C,"5v5",Tracking!J:J,"oelr") | S3: =COUNTIFS(Tracking!G:G,A3,Tracking!D:D,C3,Tracking!C:C,"5v5",Tracking!J:J,"oc")+COUNTIFS(Tracking!G:G,A3,Tracking!D:D,C3,Tracking!C:C,"5v5",Tracking!J:J,"orrc")+COUNTIFS(Tracking!G:G,A3,Tracking!D:D,C3,Tracking!C:C,"5v5",Tracking!J:J,"oelc") | T3: =COUNTIFS(Tracking!G:G,A3,Tracking!D:D,C3,Tracking!C:C,"5v5",Tracking!J:J,"nl")+COUNTIFS(Tracking!G:G,A3,Tracking!D:D,C3,Tracking!C:C,"5v5",Tracking!J:J,"nc")+COUNTIFS(Tracking!G:G,A3,Tracking!D:D,C3,Tracking!C:C,"5v5",Tracking!J:J,"nr")+COUNTIFS(Tracking!G:G,A3,Tracking!D:D,C3,Tracking!C:C,"5v5",Tracking!J:J,"nsl")+COUNTIFS(Tracking!G:G,A3,Tracking!D:D,C3,Tracking!C:C,"5v5",Tracking!J:J,"nsc")+COUNTIFS(Tracking!G:G,A3,Tracking!D:D,C3,Tracking!C:C,"5v5",Tracking!J:J,"nsr")+COUNTIFS(Tracking!H:H,A3,Tracking!D:D,C3,Tracking!C:C,"5v5",Tracking!K:K,"nl")+COUNTIFS(Tracking!H:H,A3,Tracking!D:D,C3,Tracking!C:C,"5v5",Tracking!K:K,"nc")+COUNTIFS(Tracking!H:H,A3,Tracking!D:D,C3,Tracking!C:C,"5v5",Tracking!K:K,"nr")+COUNTIFS(Tracking!H:H,A3,Tracking!D:D,C3,Tracking!C:C,"5v5",Tracking!K:K,"nsl")+COUNTIFS(Tracking!H:H,A3,Tracking!D:D,C3,Tracking!C:C,"5v5",Tracking!K:K,"nsc")+COUNTIFS(Tracking!H:H,A3,Tracking!D:D,C3,Tracking!C:C,"5v5",Tracking!K:K,"nsr")+COUNTIFS(Tracking!I:I,A3,Tracking!D:D,C3,Tracking!C:C,"5v5",Tracking!L:L,"nl")+COUNTIFS(Tracking!I:I,A3,Tracking!D:D,C3,Tracking!C:C,"5v5",Tracking!L:L,"nc")+COUNTIFS(Tracking!I:I,A3,Tracking!D:D,C3,Tracking!C:C,"5v5",Tracking!L:L,"nr")+COUNTIFS(Tracking!I:I,A3,Tracking!D:D,C3,Tracking!C:C,"5v5",Tracking!L:L,"nsl")+COUNTIFS(Tracking!I:I,A3,Tracking!D:D,C3,Tracking!C:C,"5v5",Tracking!L:L,"nsc")+COUNTIFS(Tracking!I:I,A3,Tracking!D:D,C3,Tracking!C:C,"5v5",Tracking!L:L,"nsr") | U3: =COUNTIFS(Tracking!G:G,A3,Tracking!D:D,C3,Tracking!C:C,"5v5",Tracking!J:J,"dl")+COUNTIFS(Tracking!G:G,A3,Tracking!D:D,C3,Tracking!C:C,"5v5",Tracking!J:J,"dc")+COUNTIFS(Tracking!G:G,A3,Tracking!D:D,C3,Tracking!C:C,"5v5",Tracking!J:J,"dr")+COUNTIFS(Tracking!G:G,A3,Tracking!D:D,C3,Tracking!C:C,"5v5",Tracking!J:J,"dsl")+COUNTIFS(Tracking!G:G,A3,Tracking!D:D,C3,Tracking!C:C,"5v5",Tracking!J:J,"dsc")+COUNTIFS(Tracking!G:G,A3,Tracking!D:D,C3,Tracking!C:C,"5v5",Tracking!J:J,"dsr")+COUNTIFS(Tracking!H:H,A3,Tracking!D:D,C3,Tracking!C:C,"5v5",Tracking!K:K,"dl")+COUNTIFS(Tracking!H:H,A3,Tracking!D:D,C3,Tracking!C:C,"5v5",Tracking!K:K,"dc")+COUNTIFS(Tracking!H:H,A3,Tracking!D:D,C3,Tracking!C:C,"5v5",Tracking!K:K,"dr")+COUNTIFS(Tracking!H:H,A3,Tracking!D:D,C3,Tracking!C:C,"5v5",Tracking!K:K,"dsl")+COUNTIFS(Tracking!H:H,A3,Tracking!D:D,C3,Tracking!C:C,"5v5",Tracking!K:K,"dsc")+COUNTIFS(Tracking!H:H,A3,Tracking!D:D,C3,Tracking!C:C,"5v5",Tracking!K:K,"dsr")+COUNTIFS(Tracking!I:I,A3,Tracking!D:D,C3,Tracking!C:C,"5v5",Tracking!L:L,"dl")+COUNTIFS(Tracking!I:I,A3,Tracking!D:D,C3,Tracking!C:C,"5v5",Tracking!L:L,"dc")+COUNTIFS(Tracking!I:I,A3,Tracking!D:D,C3,Tracking!C:C,"5v5",Tracking!L:L,"dr")+COUNTIFS(Tracking!I:I,A3,Tracking!D:D,C3,Tracking!C:C,"5v5",Tracking!L:L,"dsl")+COUNTIFS(Tracking!I:I,A3,Tracking!D:D,C3,Tracking!C:C,"5v5",Tracking!L:L,"dsc")+COUNTIFS(Tracking!I:I,A3,Tracking!D:D,C3,Tracking!C:C,"5v5",Tracking!L:L,"dsr") | V3: =COUNTIFS(Tracking!E:E,A3,Tracking!D:D,C3,Tracking!C:C,"5v5",Tracking!P:P,"r") | W3: =COUNTIFS(Tracking!G:G,A3,Tracking!D:D,C3,Tracking!C:C,"5v5",Tracking!P:P,"r")+COUNTIFS(Tracking!H:H,A3,Tracking!D:D,C3,Tracking!C:C,"5v5",Tracking!P:P,"r")+COUNTIFS(Tracking!I:I,A3,Tracking!D:D,C3,Tracking!C:C,"5v5",Tracking!P:P,"r") | X3: =COUNTIFS(Tracking!E:E,A3,Tracking!D:D,C3,Tracking!C:C,"5v5",Tracking!P:P,"f") | Y3: =COUNTIFS(Tracking!G:G,A3,Tracking!D:D,C3,Tracking!C:C,"5v5",Tracking!P:P,"f")+COUNTIFS(Tracking!H:H,A3,Tracking!D:D,C3,Tracking!C:C,"5v5",Tracking!P:P,"f")+COUNTIFS(Tracking!I:I,A3,Tracking!D:D,C3,Tracking!C:C,"5v5",Tracking!P:P,"f") | Z3: =COUNTIFS(Tracking!E:E,A3,Tracking!D:D,C3,Tracking!C:C,"5v5",Tracking!P:P,"c") | AA3: =COUNTIFS(Tracking!G:G,A3,Tracking!D:D,C3,Tracking!C:C,"5v5",Tracking!P:P,"c")+COUNTIFS(Tracking!H:H,A3,Tracking!D:D,C3,Tracking!C:C,"5v5",Tracking!P:P,"f")+COUNTIFS(Tracking!I:I,A3,Tracking!D:D,C3,Tracking!C:C,"5v5",Tracking!P:P,"f") | AB3: =COUNTIFS(Tracking!E:E,A3,Tracking!D:D,C3,Tracking!C:C,"5v5",Tracking!J:J,"orrl")+COUNTIFS(Tracking!E:E,A3,Tracking!D:D,C3,Tracking!C:C,"5v5",Tracking!J:J,"orrc")+COUNTIFS(Tracking!E:E,A3,Tracking!D:D,C3,Tracking!C:C,"5v5",Tracking!J:J,"orrr")+COUNTIFS(Tracking!E:E,A3,Tracking!D:D,C3,Tracking!C:C,"5v5",Tracking!J:J,"oell")+COUNTIFS(Tracking!E:E,A3,Tracking!D:D,C3,Tracking!C:C,"5v5",Tracking!J:J,"oelc")+COUNTIFS(Tracking!E:E,A3,Tracking!D:D,C3,Tracking!C:C,"5v5",Tracking!J:J,"oelr") | AC3: =COUNTIFS(Tracking!Z:Z,A3&C3,Tracking!C:C,"5v5")-AE3 | AD3: =COUNTIFS(Tracking!Z:Z,A3&C3,Tracking!C:C,"5v5",Tracking!Y:Y,"C") | AE3: =COUNTIFS(Tracking!Z:Z,A3&C3,Tracking!C:C,"5v5",Tracking!Y:Y,"F") | AF3: =COUNTIFS(Tracking!Z:Z,A3&C3,Tracking!C:C,"5v5",Tracking!Y:Y,"C",Tracking!AB:AB,"Y") | AG3: =COUNTIFS(Tracking!AD:AD,A3&C3,Tracking!C:C,"5v5") | AH3: =COUNTIFS(Tracking!Z:Z,A3&C3,Tracking!C:C,"5v5",Tracking!Y:Y,"C",Tracking!AE:AE,"Y") | AI3: =COUNTIFS(Tracking!Z:Z,A3&C3,Tracking!C:C,"5v5",Tracking!Y:Y,"D",Tracking!AE:AE,"Y") | AJ3: =COUNTIFS(Tracking!AH:AH,A3&C3) | AK3: =COUNTIFS(Tracking!AI:AI,A3&C3,Tracking!C:C,"5v5")+AL3 | AL3: =COUNTIFS(Tracking!AF:AF,A3&C3,Tracking!C:C,"5v5")-AT3 | AM3: =COUNTIFS(Tracking!AF:AF,A3&C3,Tracking!C:C,"5v5",Tracking!AG:AG,"CLE")+COUNTIFS(Tracking!AF:AF,A3&C3,Tracking!C:C,"5v5",Tracking!AG:AG,"CEX")+COUNTIFS(Tracking!AF:AF,A3&C3,Tracking!C:C,"5v5",Tracking!AG:AG,"PEX")+COUNTIFS(Tracking!AI:AI,A3&C3,Tracking!C:C,"5v5",Tracking!AJ:AJ,"CLE")+COUNTIFS(Tracking!AI:AI,A3&C3,Tracking!C:C,"5v5",Tracking!AJ:AJ,"CEX")+COUNTIFS(Tracking!AI:AI,A3&C3,Tracking!C:C,"5v5",Tracking!AJ:AJ,"PEX") | AN3: =COUNTIFS(Tracking!AF:AF,A3&C3,Tracking!C:C,"5v5",Tracking!AG:AG,"CEX")+COUNTIFS(Tracking!AF:AF,A3&C3,Tracking!C:C,"5v5",Tracking!AG:AG,"PEX")+COUNTIFS(Tracking!AI:AI,A3&C3,Tracking!C:C,"5v5",Tracking!AJ:AJ,"CEX")+COUNTIFS(Tracking!AI:AI,A3&C3,Tracking!C:C,"5v5",Tracking!AJ:AJ,"PEX") | AO3: =COUNTIFS(Tracking!AF:AF,A3&C3,Tracking!C:C,"5v5",Tracking!AG:AG,"CEX")+COUNTIFS(Tracking!AI:AI,A3&C3,Tracking!C:C,"5v5",Tracking!AJ:AJ,"CEX") | AP3: =COUNTIFS(Tracking!AF:AF,A3&C3,Tracking!C:C,"5v5",Tracking!AG:AG,"PEX") | AQ3: =COUNTIFS(Tracking!AF:AF,A3&C3,Tracking!C:C,"5v5",Tracking!AG:AG,"CLE")+COUNTIFS(Tracking!AI:AI,A3&C3,Tracking!C:C,"5v5",Tracking!AJ:AJ,"CLE") | AR3: =COUNTIFS(Tracking!AF:AF,A3&C3,Tracking!C:C,"5v5",Tracking!AG:AG,"MEX") | AS3: =COUNTIFS(Tracking!AF:AF,A3&C3,Tracking!C:C,"5v5",Tracking!AJ:AJ,"CEX")+COUNTIFS(Tracking!AF:AF,A3&C3,Tracking!C:C,"5v5",Tracking!AJ:AJ,"PEX")+COUNTIFS(Tracking!AF:AF,A3&C3,Tracking!C:C,"5v5",Tracking!AJ:AJ,"CLE")+COUNTIFS(Tracking!AF:AF,A3&C3,Tracking!C:C,"5v5",Tracking!AG:AG,"CEX")+COUNTIFS(Tracking!AF:AF,A3&C3,Tracking!C:C,"5v5",Tracking!AG:AG,"PEX") | AT3: =COUNTIFS(Tracking!AF:AF,A3&C3,Tracking!C:C,"5v5",Tracking!AG:AG,"BOT")+COUNTIFS(Tracking!AF:AF,A3&C3,Tracking!C:C,"5v5",Tracking!AG:AG,"FEX") | AU3: =COUNTIFS(Tracking!AF:AF,A3&C3,Tracking!C:C,"5v5",Tracking!AG:AG,"EXC") | AV3: =COUNTIFS(Tracking!AF:AF,A3&C3,Tracking!C:C,"5v5",Tracking!AG:AG,"FEX")+COUNTIFS(Tracking!AI:AI,A3&C3,Tracking!C:C,"5v5",Tracking!AJ:AJ,"FEX") | AW3: =COUNTIFS(Tracking!AF:AF,A3&C3,Tracking!C:C,"5v5",Tracking!AG:AG,"CLE")+COUNTIFS(Tracking!AF:AF,A3&C3,Tracking!C:C,"5v5",Tracking!AG:AG,"CEX")+COUNTIFS(Tracking!AF:AF,A3&C3,Tracking!C:C,"5v5",Tracking!AG:AG,"PEX") | AX3: =COUNTIFS(Tracking!AI:AI,A3&C3,Tracking!C:C,"5v5",Tracking!AJ:AJ,"CLE")+COUNTIFS(Tracking!AI:AI,A3&C3,Tracking!C:C,"5v5",Tracking!AJ:AJ,"CEX")+COUNTIFS(Tracking!AI:AI,A3&C3,Tracking!C:C,"5v5",Tracking!AJ:AJ,"PEX") | AY3: =COUNTIFS(Tracking!AA:AA,A3&C3,Tracking!C:C,"5v5") | AZ3: =COUNTIFS(Tracking!AA:AA,A3&C3,Tracking!C:C,"5v5",Tracking!Y:Y,"C") | BA3: =COUNTIFS(Tracking!AA:AA,A3&C3,Tracking!C:C,"5v5",Tracking!Y:Y,"F") | BB3: =COUNTIFS(Tracking!AA:AA,A3&C3,Tracking!C:C,"5v5",Tracking!AB:AB,"Y") | BC3: =COUNTIFS(Tracking!AA:AA,A3&C3,Tracking!C:C,"5v5",Tracking!Y:Y,"C",Tracking!AE:AE,"Y") | BD3: =COUNTIFS(Tracking!AA:AA,A3&C3,Tracking!C:C,"5v5",Tracking!Y:Y,"D",Tracking!AE:AE,"Y") | BE3: =COUNTIFS(Tracking!Z:Z,A3&C3,Tracking!C:C,"5v4") | BF3: =COUNTIFS(Tracking!Z:Z,A3&C3,Tracking!C:C,"5v4",Tracking!Y:Y,"C") | BG3: =COUNTIFS(Tracking!Z:Z,A3&C3,Tracking!C:C,"5v4",Tracking!AB:AB,"Y") | BH3: =COUNTIFS(Tracking!Z:Z,A3&C3,Tracking!C:C,"4v5") | BI3: =COUNTIFS(Tracking!AA:AA,A3&C3,Tracking!C:C,"5v4",Tracking!Y:Y,"D")+COUNTIFS(Tracking!AA:AA,A3&C3,Tracking!C:C,"5v4",Tracking!Y:Y,"F") | BJ3: =COUNTIFS(Tracking!E:E,A3,Tracking!D:D,C3,Tracking!C:C,"5v4") | BK3: =COUNTIFS(Tracking!G:G,A3,Tracking!D:D,C3,Tracking!C:C,"5v4")+COUNTIFS(Tracking!H:H,A3,Tracking!D:D,C3,Tracking!C:C,"5v4")+COUNTIFS(Tracking!I:I,A3,Tracking!D:D,C3,Tracking!C:C,"5v4") | BL3: =COUNTIFS(Tracking!G:G,A3,Tracking!D:D,C3,Tracking!C:C,"5v4") | BM3: =COUNTIFS(Tracking!E:E,A3,Tracking!D:D,C3,Tracking!C:C,"5v4",Tracking!M:M,"Y") | BN3: =COUNTIFS(Tracking!G:G,A3,Tracking!D:D,C3,Tracking!C:C,"5v4",Tracking!M:M,"Y") | BO3: =COUNTIFS(Tracking!G:G,A3,Tracking!D:D,C3,Tracking!J:J,"orrl",Tracking!C:C,"5v4")+COUNTIFS(Tracking!G:G,A3,Tracking!D:D,C3,Tracking!J:J,"orrc",Tracking!C:C,"5v4")+COUNTIFS(Tracking!G:G,A3,Tracking!D:D,C3,Tracking!J:J,"orrr",Tracking!C:C,"5v4") | BP3: =COUNTIFS(Tracking!G:G,A3,Tracking!D:D,C3,Tracking!C:C,"5v4",Tracking!J:J,"opl")+COUNTIFS(Tracking!G:G,A3,Tracking!D:D,C3,Tracking!C:C,"5v4",Tracking!J:J,"opc")+COUNTIFS(Tracking!G:G,A3,Tracking!D:D,C3,Tracking!C:C,"5v4",Tracking!J:J,"opr")+COUNTIFS(Tracking!G:G,A3,Tracking!D:D,C3,Tracking!C:C,"5v4",Tracking!J:J,"oelpl")+COUNTIFS(Tracking!G:G,A3,Tracking!D:D,C3,Tracking!C:C,"5v4",Tracking!J:J,"oelpc")+COUNTIFS(Tracking!G:G,A3,Tracking!D:D,C3,Tracking!C:C,"5v4",Tracking!J:J,"oelpr") | BQ3: =COUNTIFS(Tracking!G:G,A3,Tracking!D:D,C3,Tracking!C:C,"5v4",Tracking!J:J,"oell")+COUNTIFS(Tracking!G:G,A3,Tracking!D:D,C3,Tracking!C:C,"5v4",Tracking!J:J,"oelc")+COUNTIFS(Tracking!G:G,A3,Tracking!D:D,C3,Tracking!C:C,"5v4",Tracking!J:J,"oelr") | BR3: =COUNTIFS(Tracking!E:E,A3,Tracking!D:D,C3,Tracking!C:C,"5v5",Tracking!F:F,"o") | BS3: =COUNTIFS(Tracking!E:E,A3,Tracking!D:D,C3,Tracking!C:C,"5v5",Tracking!F:F,"r") | BT3: =COUNTIFS(Tracking!E:E,A3,Tracking!D:D,C3,Tracking!C:C,"5v5",Tracking!F:F,"t") | BU3: =COUNTIFS(Tracking!G:G,A3,Tracking!D:D,C3,Tracking!C:C,"5v5",Tracking!F:F,"o") | BV3: =COUNTIFS(Tracking!E:E,A2,Tracking!D:D,C3,Tracking!C:C,"5v5",Tracking!F:F,"r") | BW3: =COUNTIFS(Tracking!G:G,A3,Tracking!D:D,C3,Tracking!C:C,"5v5",Tracking!F:F,"T") | BX3: =COUNTIFS(Tracking!E:E,A3,Tracking!D:D,C3,Tracking!C:C,"5v5",Tracking!Q:Q,"OZ") | BY3: =COUNTIFS(Tracking!E:E,A3,Tracking!D:D,C3,Tracking!C:C,"5v5",Tracking!Q:Q,"nZ") | BZ3: =COUNTIFS(Tracking!E:E,A3,Tracking!D:D,C3,Tracking!C:C,"5v5",Tracking!Q:Q,"dZ") | CA3: =COUNTIFS(Tracking!G:G,A3,Tracking!D:D,C3,Tracking!C:C,"5v5",Tracking!Q:Q,"OZ")+COUNTIFS(Tracking!H:H,A3,Tracking!D:D,C3,Tracking!C:C,"5v5",Tracking!Q:Q,"OZ")+COUNTIFS(Tracking!I:I,A3,Tracking!D:D,C3,Tracking!C:C,"5v5",Tracking!Q:Q,"OZ") | CB3: =COUNTIFS(Tracking!G:G,A3,Tracking!D:D,C3,Tracking!C:C,"5v5",Tracking!Q:Q,"nZ")+COUNTIFS(Tracking!H:H,A3,Tracking!D:D,C3,Tracking!C:C,"5v5",Tracking!Q:Q,"nZ")+COUNTIFS(Tracking!I:I,A3,Tracking!D:D,C3,Tracking!C:C,"5v5",Tracking!Q:Q,"nZ") | CC3: =COUNTIFS(Tracking!G:G,A3,Tracking!D:D,C3,Tracking!C:C,"5v5",Tracking!Q:Q,"dZ")+COUNTIFS(Tracking!H:H,A3,Tracking!D:D,C3,Tracking!C:C,"5v5",Tracking!Q:Q,"dZ")+COUNTIFS(Tracking!I:I,A3,Tracking!D:D,C3,Tracking!C:C,"5v5",Tracking!Q:Q,"dZ") | CD3: =COUNTIFS(Tracking!E:E,A3,Tracking!D:D,C3,Tracking!C:C,"5v5",Tracking!R:R,"dz exit") | CE3: =COUNTIFS(Tracking!E:E,A3,Tracking!D:D,C3,Tracking!C:C,"5v5",Tracking!R:R,"dz counter") | CF3: =COUNTIFS(Tracking!E:E,A3,Tracking!D:D,C3,Tracking!C:C,"5v5",Tracking!R:R,"nz turnover") | CG3: =COUNTIFS(Tracking!E:E,A3,Tracking!D:D,C3,Tracking!C:C,"5v5",Tracking!R:R,"nz regroup") | CH3: =COUNTIFS(Tracking!E:E,A3,Tracking!D:D,C3,Tracking!C:C,"5v5",Tracking!R:R,"nz reload") | CI3: =COUNTIFS(Tracking!E:E,A3,Tracking!D:D,C3,Tracking!C:C,"5v5",Tracking!R:R,"controlled breakout") | CJ3: =CK3+CL3+CM3+CN3+CO3+CP3 | CK3: =(0.075*H3)+(0.07*L3)+(0.055*M3)+(0.055*N3)+(0.095*J3)+(0.09*O3)+(0.05*P3)+(0.05*R3)+(0.05*S3)+(0.05*AB3) | CL3: =(0.045*AD3)-(0.045*AE3)+(0.055*AH3)+(0.035*AI3) | CM3: =(0.025*(AY3-AZ3))+(0.035*BA3)-(0.015*BB3)-(0.015*BC3)+(0.015*(AY3-(BD3+BC3))) | CN3: =(0.035*AN3)+(0.025*AS3)-(0.035*AT3)-(0.035*AV3) | CO3: =(0.015*AJ3)+(0.045*AG3) | CP3: =(0.055*BM3)+(0.055*BN3)+(0.035*BO3)+(0.035*BQ3)+(0.055*BH3)+(0.035*BI3)+(0.035*BG3) | CQ3: =CK3+CL3+CM3+CN3+CO3
A4: 23 | B4: Esa Lindell | C4: DAL | D4: D | E4: 16.9 | F4: 2025-26 | G4: 3/6/2026 DAL vs. COL | H4: =COUNTIFS(Tracking!E:E,A4,Tracking!D:D,C4,Tracking!C:C,"5v5") | I4: =COUNTIFS(Tracking!E:E,A4,Tracking!D:D,C4,Tracking!N:N,"y",Tracking!C:C,"5v5") | J4: =COUNTIFS(Tracking!E:E,A4,Tracking!D:D,C4,Tracking!M:M,"y",Tracking!C:C,"5v5") | K4: =L4+M4+N4 | L4: =COUNTIFS(Tracking!G:G,A4,Tracking!D:D,C4,Tracking!C:C,"5v5") | M4: =COUNTIFS(Tracking!H:H,A4,Tracking!D:D,C4,Tracking!C:C,"5v5") | N4: =COUNTIFS(Tracking!I:I,A4,Tracking!D:D,C4,Tracking!C:C,"5v5") | O4: =COUNTIFS(Tracking!G:G,A4,Tracking!D:D,C4,Tracking!C:C,"5v5",Tracking!M:M,"y") | P4: =COUNTIFS(Tracking!G:G,A4,Tracking!D:D,C4,Tracking!C:C,"5v5",Tracking!J:J,"orrl")+COUNTIFS(Tracking!G:G,A4,Tracking!D:D,C4,Tracking!C:C,"5v5",Tracking!J:J,"orrc")+COUNTIFS(Tracking!G:G,A4,Tracking!D:D,C4,Tracking!C:C,"5v5",Tracking!J:J,"orrr")+COUNTIFS(Tracking!G:G,A4,Tracking!D:D,C4,Tracking!C:C,"5v5",Tracking!J:J,"oelrrl")+COUNTIFS(Tracking!G:G,A4,Tracking!D:D,C4,Tracking!C:C,"5v5",Tracking!J:J,"oelrrc")+COUNTIFS(Tracking!G:G,A4,Tracking!D:D,C4,Tracking!C:C,"5v5",Tracking!J:J,"oelrrr") | Q4: =COUNTIFS(Tracking!G:G,A4,Tracking!D:D,C4,Tracking!C:C,"5v5",Tracking!J:J,"opl")+COUNTIFS(Tracking!G:G,A4,Tracking!D:D,C4,Tracking!C:C,"5v5",Tracking!J:J,"opc")+COUNTIFS(Tracking!G:G,A4,Tracking!D:D,C4,Tracking!C:C,"5v5",Tracking!J:J,"opr")+COUNTIFS(Tracking!G:G,A4,Tracking!D:D,C4,Tracking!C:C,"5v5",Tracking!J:J,"oelpl")+COUNTIFS(Tracking!G:G,A4,Tracking!D:D,C4,Tracking!C:C,"5v5",Tracking!J:J,"oelpc")+COUNTIFS(Tracking!G:G,A4,Tracking!D:D,C4,Tracking!C:C,"5v5",Tracking!J:J,"oelpr") | R4: =COUNTIFS(Tracking!G:G,A4,Tracking!D:D,C4,Tracking!C:C,"5v5",Tracking!J:J,"oell")+COUNTIFS(Tracking!G:G,A4,Tracking!D:D,C4,Tracking!C:C,"5v5",Tracking!J:J,"oelc")+COUNTIFS(Tracking!G:G,A4,Tracking!D:D,C4,Tracking!C:C,"5v5",Tracking!J:J,"oelr") | S4: =COUNTIFS(Tracking!G:G,A4,Tracking!D:D,C4,Tracking!C:C,"5v5",Tracking!J:J,"oc")+COUNTIFS(Tracking!G:G,A4,Tracking!D:D,C4,Tracking!C:C,"5v5",Tracking!J:J,"orrc")+COUNTIFS(Tracking!G:G,A4,Tracking!D:D,C4,Tracking!C:C,"5v5",Tracking!J:J,"oelc") | T4: =COUNTIFS(Tracking!G:G,A4,Tracking!D:D,C4,Tracking!C:C,"5v5",Tracking!J:J,"nl")+COUNTIFS(Tracking!G:G,A4,Tracking!D:D,C4,Tracking!C:C,"5v5",Tracking!J:J,"nc")+COUNTIFS(Tracking!G:G,A4,Tracking!D:D,C4,Tracking!C:C,"5v5",Tracking!J:J,"nr")+COUNTIFS(Tracking!G:G,A4,Tracking!D:D,C4,Tracking!C:C,"5v5",Tracking!J:J,"nsl")+COUNTIFS(Tracking!G:G,A4,Tracking!D:D,C4,Tracking!C:C,"5v5",Tracking!J:J,"nsc")+COUNTIFS(Tracking!G:G,A4,Tracking!D:D,C4,Tracking!C:C,"5v5",Tracking!J:J,"nsr")+COUNTIFS(Tracking!H:H,A4,Tracking!D:D,C4,Tracking!C:C,"5v5",Tracking!K:K,"nl")+COUNTIFS(Tracking!H:H,A4,Tracking!D:D,C4,Tracking!C:C,"5v5",Tracking!K:K,"nc")+COUNTIFS(Tracking!H:H,A4,Tracking!D:D,C4,Tracking!C:C,"5v5",Tracking!K:K,"nr")+COUNTIFS(Tracking!H:H,A4,Tracking!D:D,C4,Tracking!C:C,"5v5",Tracking!K:K,"nsl")+COUNTIFS(Tracking!H:H,A4,Tracking!D:D,C4,Tracking!C:C,"5v5",Tracking!K:K,"nsc")+COUNTIFS(Tracking!H:H,A4,Tracking!D:D,C4,Tracking!C:C,"5v5",Tracking!K:K,"nsr")+COUNTIFS(Tracking!I:I,A4,Tracking!D:D,C4,Tracking!C:C,"5v5",Tracking!L:L,"nl")+COUNTIFS(Tracking!I:I,A4,Tracking!D:D,C4,Tracking!C:C,"5v5",Tracking!L:L,"nc")+COUNTIFS(Tracking!I:I,A4,Tracking!D:D,C4,Tracking!C:C,"5v5",Tracking!L:L,"nr")+COUNTIFS(Tracking!I:I,A4,Tracking!D:D,C4,Tracking!C:C,"5v5",Tracking!L:L,"nsl")+COUNTIFS(Tracking!I:I,A4,Tracking!D:D,C4,Tracking!C:C,"5v5",Tracking!L:L,"nsc")+COUNTIFS(Tracking!I:I,A4,Tracking!D:D,C4,Tracking!C:C,"5v5",Tracking!L:L,"nsr") | U4: =COUNTIFS(Tracking!G:G,A4,Tracking!D:D,C4,Tracking!C:C,"5v5",Tracking!J:J,"dl")+COUNTIFS(Tracking!G:G,A4,Tracking!D:D,C4,Tracking!C:C,"5v5",Tracking!J:J,"dc")+COUNTIFS(Tracking!G:G,A4,Tracking!D:D,C4,Tracking!C:C,"5v5",Tracking!J:J,"dr")+COUNTIFS(Tracking!G:G,A4,Tracking!D:D,C4,Tracking!C:C,"5v5",Tracking!J:J,"dsl")+COUNTIFS(Tracking!G:G,A4,Tracking!D:D,C4,Tracking!C:C,"5v5",Tracking!J:J,"dsc")+COUNTIFS(Tracking!G:G,A4,Tracking!D:D,C4,Tracking!C:C,"5v5",Tracking!J:J,"dsr")+COUNTIFS(Tracking!H:H,A4,Tracking!D:D,C4,Tracking!C:C,"5v5",Tracking!K:K,"dl")+COUNTIFS(Tracking!H:H,A4,Tracking!D:D,C4,Tracking!C:C,"5v5",Tracking!K:K,"dc")+COUNTIFS(Tracking!H:H,A4,Tracking!D:D,C4,Tracking!C:C,"5v5",Tracking!K:K,"dr")+COUNTIFS(Tracking!H:H,A4,Tracking!D:D,C4,Tracking!C:C,"5v5",Tracking!K:K,"dsl")+COUNTIFS(Tracking!H:H,A4,Tracking!D:D,C4,Tracking!C:C,"5v5",Tracking!K:K,"dsc")+COUNTIFS(Tracking!H:H,A4,Tracking!D:D,C4,Tracking!C:C,"5v5",Tracking!K:K,"dsr")+COUNTIFS(Tracking!I:I,A4,Tracking!D:D,C4,Tracking!C:C,"5v5",Tracking!L:L,"dl")+COUNTIFS(Tracking!I:I,A4,Tracking!D:D,C4,Tracking!C:C,"5v5",Tracking!L:L,"dc")+COUNTIFS(Tracking!I:I,A4,Tracking!D:D,C4,Tracking!C:C,"5v5",Tracking!L:L,"dr")+COUNTIFS(Tracking!I:I,A4,Tracking!D:D,C4,Tracking!C:C,"5v5",Tracking!L:L,"dsl")+COUNTIFS(Tracking!I:I,A4,Tracking!D:D,C4,Tracking!C:C,"5v5",Tracking!L:L,"dsc")+COUNTIFS(Tracking!I:I,A4,Tracking!D:D,C4,Tracking!C:C,"5v5",Tracking!L:L,"dsr") | V4: =COUNTIFS(Tracking!E:E,A4,Tracking!D:D,C4,Tracking!C:C,"5v5",Tracking!P:P,"r") | W4: =COUNTIFS(Tracking!G:G,A4,Tracking!D:D,C4,Tracking!C:C,"5v5",Tracking!P:P,"r")+COUNTIFS(Tracking!H:H,A4,Tracking!D:D,C4,Tracking!C:C,"5v5",Tracking!P:P,"r")+COUNTIFS(Tracking!I:I,A4,Tracking!D:D,C4,Tracking!C:C,"5v5",Tracking!P:P,"r") | X4: =COUNTIFS(Tracking!E:E,A4,Tracking!D:D,C4,Tracking!C:C,"5v5",Tracking!P:P,"f") | Y4: =COUNTIFS(Tracking!G:G,A4,Tracking!D:D,C4,Tracking!C:C,"5v5",Tracking!P:P,"f")+COUNTIFS(Tracking!H:H,A4,Tracking!D:D,C4,Tracking!C:C,"5v5",Tracking!P:P,"f")+COUNTIFS(Tracking!I:I,A4,Tracking!D:D,C4,Tracking!C:C,"5v5",Tracking!P:P,"f") | Z4: =COUNTIFS(Tracking!E:E,A4,Tracking!D:D,C4,Tracking!C:C,"5v5",Tracking!P:P,"c") | AA4: =COUNTIFS(Tracking!G:G,A4,Tracking!D:D,C4,Tracking!C:C,"5v5",Tracking!P:P,"c")+COUNTIFS(Tracking!H:H,A4,Tracking!D:D,C4,Tracking!C:C,"5v5",Tracking!P:P,"f")+COUNTIFS(Tracking!I:I,A4,Tracking!D:D,C4,Tracking!C:C,"5v5",Tracking!P:P,"f") | AB4: =COUNTIFS(Tracking!E:E,A4,Tracking!D:D,C4,Tracking!C:C,"5v5",Tracking!J:J,"orrl")+COUNTIFS(Tracking!E:E,A4,Tracking!D:D,C4,Tracking!C:C,"5v5",Tracking!J:J,"orrc")+COUNTIFS(Tracking!E:E,A4,Tracking!D:D,C4,Tracking!C:C,"5v5",Tracking!J:J,"orrr")+COUNTIFS(Tracking!E:E,A4,Tracking!D:D,C4,Tracking!C:C,"5v5",Tracking!J:J,"oell")+COUNTIFS(Tracking!E:E,A4,Tracking!D:D,C4,Tracking!C:C,"5v5",Tracking!J:J,"oelc")+COUNTIFS(Tracking!E:E,A4,Tracking!D:D,C4,Tracking!C:C,"5v5",Tracking!J:J,"oelr") | AC4: =COUNTIFS(Tracking!Z:Z,A4&C4,Tracking!C:C,"5v5")-AE4 | AD4: =COUNTIFS(Tracking!Z:Z,A4&C4,Tracking!C:C,"5v5",Tracking!Y:Y,"C") | AE4: =COUNTIFS(Tracking!Z:Z,A4&C4,Tracking!C:C,"5v5",Tracking!Y:Y,"F") | AF4: =COUNTIFS(Tracking!Z:Z,A4&C4,Tracking!C:C,"5v5",Tracking!Y:Y,"C",Tracking!AB:AB,"Y") | AG4: =COUNTIFS(Tracking!AD:AD,A4&C4,Tracking!C:C,"5v5") | AH4: =COUNTIFS(Tracking!Z:Z,A4&C4,Tracking!C:C,"5v5",Tracking!Y:Y,"C",Tracking!AE:AE,"Y") | AI4: =COUNTIFS(Tracking!Z:Z,A4&C4,Tracking!C:C,"5v5",Tracking!Y:Y,"D",Tracking!AE:AE,"Y") | AJ4: =COUNTIFS(Tracking!AH:AH,A4&C4) | AK4: =COUNTIFS(Tracking!AI:AI,A4&C4,Tracking!C:C,"5v5")+AL4 | AL4: =COUNTIFS(Tracking!AF:AF,A4&C4,Tracking!C:C,"5v5")-AT4 | AM4: =COUNTIFS(Tracking!AF:AF,A4&C4,Tracking!C:C,"5v5",Tracking!AG:AG,"CLE")+COUNTIFS(Tracking!AF:AF,A4&C4,Tracking!C:C,"5v5",Tracking!AG:AG,"CEX")+COUNTIFS(Tracking!AF:AF,A4&C4,Tracking!C:C,"5v5",Tracking!AG:AG,"PEX")+COUNTIFS(Tracking!AI:AI,A4&C4,Tracking!C:C,"5v5",Tracking!AJ:AJ,"CLE")+COUNTIFS(Tracking!AI:AI,A4&C4,Tracking!C:C,"5v5",Tracking!AJ:AJ,"CEX")+COUNTIFS(Tracking!AI:AI,A4&C4,Tracking!C:C,"5v5",Tracking!AJ:AJ,"PEX") | AN4: =COUNTIFS(Tracking!AF:AF,A4&C4,Tracking!C:C,"5v5",Tracking!AG:AG,"CEX")+COUNTIFS(Tracking!AF:AF,A4&C4,Tracking!C:C,"5v5",Tracking!AG:AG,"PEX")+COUNTIFS(Tracking!AI:AI,A4&C4,Tracking!C:C,"5v5",Tracking!AJ:AJ,"CEX")+COUNTIFS(Tracking!AI:AI,A4&C4,Tracking!C:C,"5v5",Tracking!AJ:AJ,"PEX") | AO4: =COUNTIFS(Tracking!AF:AF,A4&C4,Tracking!C:C,"5v5",Tracking!AG:AG,"CEX")+COUNTIFS(Tracking!AI:AI,A4&C4,Tracking!C:C,"5v5",Tracking!AJ:AJ,"CEX") | AP4: =COUNTIFS(Tracking!AF:AF,A4&C4,Tracking!C:C,"5v5",Tracking!AG:AG,"PEX") | AQ4: =COUNTIFS(Tracking!AF:AF,A4&C4,Tracking!C:C,"5v5",Tracking!AG:AG,"CLE")+COUNTIFS(Tracking!AI:AI,A4&C4,Tracking!C:C,"5v5",Tracking!AJ:AJ,"CLE") | AR4: =COUNTIFS(Tracking!AF:AF,A4&C4,Tracking!C:C,"5v5",Tracking!AG:AG,"MEX") | AS4: =COUNTIFS(Tracking!AF:AF,A4&C4,Tracking!C:C,"5v5",Tracking!AJ:AJ,"CEX")+COUNTIFS(Tracking!AF:AF,A4&C4,Tracking!C:C,"5v5",Tracking!AJ:AJ,"PEX")+COUNTIFS(Tracking!AF:AF,A4&C4,Tracking!C:C,"5v5",Tracking!AJ:AJ,"CLE")+COUNTIFS(Tracking!AF:AF,A4&C4,Tracking!C:C,"5v5",Tracking!AG:AG,"CEX")+COUNTIFS(Tracking!AF:AF,A4&C4,Tracking!C:C,"5v5",Tracking!AG:AG,"PEX") | AT4: =COUNTIFS(Tracking!AF:AF,A4&C4,Tracking!C:C,"5v5",Tracking!AG:AG,"BOT")+COUNTIFS(Tracking!AF:AF,A4&C4,Tracking!C:C,"5v5",Tracking!AG:AG,"FEX") | AU4: =COUNTIFS(Tracking!AF:AF,A4&C4,Tracking!C:C,"5v5",Tracking!AG:AG,"EXC") | AV4: =COUNTIFS(Tracking!AF:AF,A4&C4,Tracking!C:C,"5v5",Tracking!AG:AG,"FEX")+COUNTIFS(Tracking!AI:AI,A4&C4,Tracking!C:C,"5v5",Tracking!AJ:AJ,"FEX") | AW4: =COUNTIFS(Tracking!AF:AF,A4&C4,Tracking!C:C,"5v5",Tracking!AG:AG,"CLE")+COUNTIFS(Tracking!AF:AF,A4&C4,Tracking!C:C,"5v5",Tracking!AG:AG,"CEX")+COUNTIFS(Tracking!AF:AF,A4&C4,Tracking!C:C,"5v5",Tracking!AG:AG,"PEX") | AX4: =COUNTIFS(Tracking!AI:AI,A4&C4,Tracking!C:C,"5v5",Tracking!AJ:AJ,"CLE")+COUNTIFS(Tracking!AI:AI,A4&C4,Tracking!C:C,"5v5",Tracking!AJ:AJ,"CEX")+COUNTIFS(Tracking!AI:AI,A4&C4,Tracking!C:C,"5v5",Tracking!AJ:AJ,"PEX") | AY4: =COUNTIFS(Tracking!AA:AA,A4&C4,Tracking!C:C,"5v5") | AZ4: =COUNTIFS(Tracking!AA:AA,A4&C4,Tracking!C:C,"5v5",Tracking!Y:Y,"C") | BA4: =COUNTIFS(Tracking!AA:AA,A4&C4,Tracking!C:C,"5v5",Tracking!Y:Y,"F") | BB4: =COUNTIFS(Tracking!AA:AA,A4&C4,Tracking!C:C,"5v5",Tracking!AB:AB,"Y") | BC4: =COUNTIFS(Tracking!AA:AA,A4&C4,Tracking!C:C,"5v5",Tracking!Y:Y,"C",Tracking!AE:AE,"Y") | BD4: =COUNTIFS(Tracking!AA:AA,A4&C4,Tracking!C:C,"5v5",Tracking!Y:Y,"D",Tracking!AE:AE,"Y") | BE4: =COUNTIFS(Tracking!Z:Z,A4&C4,Tracking!C:C,"5v4") | BF4: =COUNTIFS(Tracking!Z:Z,A4&C4,Tracking!C:C,"5v4",Tracking!Y:Y,"C") | BG4: =COUNTIFS(Tracking!Z:Z,A4&C4,Tracking!C:C,"5v4",Tracking!AB:AB,"Y") | BH4: =COUNTIFS(Tracking!Z:Z,A4&C4,Tracking!C:C,"4v5") | BI4: =COUNTIFS(Tracking!AA:AA,A4&C4,Tracking!C:C,"5v4",Tracking!Y:Y,"D")+COUNTIFS(Tracking!AA:AA,A4&C4,Tracking!C:C,"5v4",Tracking!Y:Y,"F") | BJ4: =COUNTIFS(Tracking!E:E,A4,Tracking!D:D,C4,Tracking!C:C,"5v4") | BK4: =COUNTIFS(Tracking!G:G,A4,Tracking!D:D,C4,Tracking!C:C,"5v4")+COUNTIFS(Tracking!H:H,A4,Tracking!D:D,C4,Tracking!C:C,"5v4")+COUNTIFS(Tracking!I:I,A4,Tracking!D:D,C4,Tracking!C:C,"5v4") | BL4: =COUNTIFS(Tracking!G:G,A4,Tracking!D:D,C4,Tracking!C:C,"5v4") | BM4: =COUNTIFS(Tracking!E:E,A4,Tracking!D:D,C4,Tracking!C:C,"5v4",Tracking!M:M,"Y") | BN4: =COUNTIFS(Tracking!G:G,A4,Tracking!D:D,C4,Tracking!C:C,"5v4",Tracking!M:M,"Y") | BO4: =COUNTIFS(Tracking!G:G,A4,Tracking!D:D,C4,Tracking!J:J,"orrl",Tracking!C:C,"5v4")+COUNTIFS(Tracking!G:G,A4,Tracking!D:D,C4,Tracking!J:J,"orrc",Tracking!C:C,"5v4")+COUNTIFS(Tracking!G:G,A4,Tracking!D:D,C4,Tracking!J:J,"orrr",Tracking!C:C,"5v4") | BP4: =COUNTIFS(Tracking!G:G,A4,Tracking!D:D,C4,Tracking!C:C,"5v4",Tracking!J:J,"opl")+COUNTIFS(Tracking!G:G,A4,Tracking!D:D,C4,Tracking!C:C,"5v4",Tracking!J:J,"opc")+COUNTIFS(Tracking!G:G,A4,Tracking!D:D,C4,Tracking!C:C,"5v4",Tracking!J:J,"opr")+COUNTIFS(Tracking!G:G,A4,Tracking!D:D,C4,Tracking!C:C,"5v4",Tracking!J:J,"oelpl")+COUNTIFS(Tracking!G:G,A4,Tracking!D:D,C4,Tracking!C:C,"5v4",Tracking!J:J,"oelpc")+COUNTIFS(Tracking!G:G,A4,Tracking!D:D,C4,Tracking!C:C,"5v4",Tracking!J:J,"oelpr") | BQ4: =COUNTIFS(Tracking!G:G,A4,Tracking!D:D,C4,Tracking!C:C,"5v4",Tracking!J:J,"oell")+COUNTIFS(Tracking!G:G,A4,Tracking!D:D,C4,Tracking!C:C,"5v4",Tracking!J:J,"oelc")+COUNTIFS(Tracking!G:G,A4,Tracking!D:D,C4,Tracking!C:C,"5v4",Tracking!J:J,"oelr") | BR4: =COUNTIFS(Tracking!E:E,A4,Tracking!D:D,C4,Tracking!C:C,"5v5",Tracking!F:F,"o") | BS4: =COUNTIFS(Tracking!E:E,A4,Tracking!D:D,C4,Tracking!C:C,"5v5",Tracking!F:F,"r") | BT4: =COUNTIFS(Tracking!E:E,A4,Tracking!D:D,C4,Tracking!C:C,"5v5",Tracking!F:F,"t") | BU4: =COUNTIFS(Tracking!G:G,A4,Tracking!D:D,C4,Tracking!C:C,"5v5",Tracking!F:F,"o") | BV4: =COUNTIFS(Tracking!E:E,A3,Tracking!D:D,C4,Tracking!C:C,"5v5",Tracking!F:F,"r") | BW4: =COUNTIFS(Tracking!G:G,A4,Tracking!D:D,C4,Tracking!C:C,"5v5",Tracking!F:F,"T") | BX4: =COUNTIFS(Tracking!E:E,A4,Tracking!D:D,C4,Tracking!C:C,"5v5",Tracking!Q:Q,"OZ") | BY4: =COUNTIFS(Tracking!E:E,A4,Tracking!D:D,C4,Tracking!C:C,"5v5",Tracking!Q:Q,"nZ") | BZ4: =COUNTIFS(Tracking!E:E,A4,Tracking!D:D,C4,Tracking!C:C,"5v5",Tracking!Q:Q,"dZ") | CA4: =COUNTIFS(Tracking!G:G,A4,Tracking!D:D,C4,Tracking!C:C,"5v5",Tracking!Q:Q,"OZ")+COUNTIFS(Tracking!H:H,A4,Tracking!D:D,C4,Tracking!C:C,"5v5",Tracking!Q:Q,"OZ")+COUNTIFS(Tracking!I:I,A4,Tracking!D:D,C4,Tracking!C:C,"5v5",Tracking!Q:Q,"OZ") | CB4: =COUNTIFS(Tracking!G:G,A4,Tracking!D:D,C4,Tracking!C:C,"5v5",Tracking!Q:Q,"nZ")+COUNTIFS(Tracking!H:H,A4,Tracking!D:D,C4,Tracking!C:C,"5v5",Tracking!Q:Q,"nZ")+COUNTIFS(Tracking!I:I,A4,Tracking!D:D,C4,Tracking!C:C,"5v5",Tracking!Q:Q,"nZ") | CC4: =COUNTIFS(Tracking!G:G,A4,Tracking!D:D,C4,Tracking!C:C,"5v5",Tracking!Q:Q,"dZ")+COUNTIFS(Tracking!H:H,A4,Tracking!D:D,C4,Tracking!C:C,"5v5",Tracking!Q:Q,"dZ")+COUNTIFS(Tracking!I:I,A4,Tracking!D:D,C4,Tracking!C:C,"5v5",Tracking!Q:Q,"dZ") | CD4: =COUNTIFS(Tracking!E:E,A4,Tracking!D:D,C4,Tracking!C:C,"5v5",Tracking!R:R,"dz exit") | CE4: =COUNTIFS(Tracking!E:E,A4,Tracking!D:D,C4,Tracking!C:C,"5v5",Tracking!R:R,"dz counter") | CF4: =COUNTIFS(Tracking!E:E,A4,Tracking!D:D,C4,Tracking!C:C,"5v5",Tracking!R:R,"nz turnover") | CG4: =COUNTIFS(Tracking!E:E,A4,Tracking!D:D,C4,Tracking!C:C,"5v5",Tracking!R:R,"nz regroup") | CH4: =COUNTIFS(Tracking!E:E,A4,Tracking!D:D,C4,Tracking!C:C,"5v5",Tracking!R:R,"nz reload") | CI4: =COUNTIFS(Tracking!E:E,A4,Tracking!D:D,C4,Tracking!C:C,"5v5",Tracking!R:R,"controlled breakout") | CJ4: =CK4+CL4+CM4+CN4+CO4+CP4 | CK4: =(0.075*H4)+(0.07*L4)+(0.055*M4)+(0.055*N4)+(0.095*J4)+(0.09*O4)+(0.05*P4)+(0.05*R4)+(0.05*S4)+(0.05*AB4) | CL4: =(0.045*AD4)-(0.045*AE4)+(0.055*AH4)+(0.035*AI4) | CM4: =(0.015*(AY4-AZ4))+(0.035*BA4)-(0.015*BB4)-(0.025*BC4)+(0.015*(AY4-(BD4+BC4))) | CN4: =(0.035*AN4)+(0.025*AS4)-(0.035*AT4)-(0.035*AV4) | CO4: =(0.015*AJ4)+(0.045*AG4) | CP4: =(0.055*BM4)+(0.055*BN4)+(0.035*BO4)+(0.035*BQ4)+(0.055*BH4)+(0.035*BI4)+(0.035*BG4) | CQ4: =CK4+CL4+CM4+CN4+CO4
A5: 46 | B5: Ilya Lyubushkin | C5: DAL | D5: D | E5: 10.333333 | F5: 2025-26 | G5: 3/6/2026 DAL vs. COL | H5: =COUNTIFS(Tracking!E:E,A5,Tracking!D:D,C5,Tracking!C:C,"5v5") | I5: =COUNTIFS(Tracking!E:E,A5,Tracking!D:D,C5,Tracking!N:N,"y",Tracking!C:C,"5v5") | J5: =COUNTIFS(Tracking!E:E,A5,Tracking!D:D,C5,Tracking!M:M,"y",Tracking!C:C,"5v5") | K5: =L5+M5+N5 | L5: =COUNTIFS(Tracking!G:G,A5,Tracking!D:D,C5,Tracking!C:C,"5v5") | M5: =COUNTIFS(Tracking!H:H,A5,Tracking!D:D,C5,Tracking!C:C,"5v5") | N5: =COUNTIFS(Tracking!I:I,A5,Tracking!D:D,C5,Tracking!C:C,"5v5") | O5: =COUNTIFS(Tracking!G:G,A5,Tracking!D:D,C5,Tracking!C:C,"5v5",Tracking!M:M,"y") | P5: =COUNTIFS(Tracking!G:G,A5,Tracking!D:D,C5,Tracking!C:C,"5v5",Tracking!J:J,"orrl")+COUNTIFS(Tracking!G:G,A5,Tracking!D:D,C5,Tracking!C:C,"5v5",Tracking!J:J,"orrc")+COUNTIFS(Tracking!G:G,A5,Tracking!D:D,C5,Tracking!C:C,"5v5",Tracking!J:J,"orrr")+COUNTIFS(Tracking!G:G,A5,Tracking!D:D,C5,Tracking!C:C,"5v5",Tracking!J:J,"oelrrl")+COUNTIFS(Tracking!G:G,A5,Tracking!D:D,C5,Tracking!C:C,"5v5",Tracking!J:J,"oelrrc")+COUNTIFS(Tracking!G:G,A5,Tracking!D:D,C5,Tracking!C:C,"5v5",Tracking!J:J,"oelrrr") | Q5: =COUNTIFS(Tracking!G:G,A5,Tracking!D:D,C5,Tracking!C:C,"5v5",Tracking!J:J,"opl")+COUNTIFS(Tracking!G:G,A5,Tracking!D:D,C5,Tracking!C:C,"5v5",Tracking!J:J,"opc")+COUNTIFS(Tracking!G:G,A5,Tracking!D:D,C5,Tracking!C:C,"5v5",Tracking!J:J,"opr")+COUNTIFS(Tracking!G:G,A5,Tracking!D:D,C5,Tracking!C:C,"5v5",Tracking!J:J,"oelpl")+COUNTIFS(Tracking!G:G,A5,Tracking!D:D,C5,Tracking!C:C,"5v5",Tracking!J:J,"oelpc")+COUNTIFS(Tracking!G:G,A5,Tracking!D:D,C5,Tracking!C:C,"5v5",Tracking!J:J,"oelpr") | R5: =COUNTIFS(Tracking!G:G,A5,Tracking!D:D,C5,Tracking!C:C,"5v5",Tracking!J:J,"oell")+COUNTIFS(Tracking!G:G,A5,Tracking!D:D,C5,Tracking!C:C,"5v5",Tracking!J:J,"oelc")+COUNTIFS(Tracking!G:G,A5,Tracking!D:D,C5,Tracking!C:C,"5v5",Tracking!J:J,"oelr") | S5: =COUNTIFS(Tracking!G:G,A5,Tracking!D:D,C5,Tracking!C:C,"5v5",Tracking!J:J,"oc")+COUNTIFS(Tracking!G:G,A5,Tracking!D:D,C5,Tracking!C:C,"5v5",Tracking!J:J,"orrc")+COUNTIFS(Tracking!G:G,A5,Tracking!D:D,C5,Tracking!C:C,"5v5",Tracking!J:J,"oelc") | T5: =COUNTIFS(Tracking!G:G,A5,Tracking!D:D,C5,Tracking!C:C,"5v5",Tracking!J:J,"nl")+COUNTIFS(Tracking!G:G,A5,Tracking!D:D,C5,Tracking!C:C,"5v5",Tracking!J:J,"nc")+COUNTIFS(Tracking!G:G,A5,Tracking!D:D,C5,Tracking!C:C,"5v5",Tracking!J:J,"nr")+COUNTIFS(Tracking!G:G,A5,Tracking!D:D,C5,Tracking!C:C,"5v5",Tracking!J:J,"nsl")+COUNTIFS(Tracking!G:G,A5,Tracking!D:D,C5,Tracking!C:C,"5v5",Tracking!J:J,"nsc")+COUNTIFS(Tracking!G:G,A5,Tracking!D:D,C5,Tracking!C:C,"5v5",Tracking!J:J,"nsr")+COUNTIFS(Tracking!H:H,A5,Tracking!D:D,C5,Tracking!C:C,"5v5",Tracking!K:K,"nl")+COUNTIFS(Tracking!H:H,A5,Tracking!D:D,C5,Tracking!C:C,"5v5",Tracking!K:K,"nc")+COUNTIFS(Tracking!H:H,A5,Tracking!D:D,C5,Tracking!C:C,"5v5",Tracking!K:K,"nr")+COUNTIFS(Tracking!H:H,A5,Tracking!D:D,C5,Tracking!C:C,"5v5",Tracking!K:K,"nsl")+COUNTIFS(Tracking!H:H,A5,Tracking!D:D,C5,Tracking!C:C,"5v5",Tracking!K:K,"nsc")+COUNTIFS(Tracking!H:H,A5,Tracking!D:D,C5,Tracking!C:C,"5v5",Tracking!K:K,"nsr")+COUNTIFS(Tracking!I:I,A5,Tracking!D:D,C5,Tracking!C:C,"5v5",Tracking!L:L,"nl")+COUNTIFS(Tracking!I:I,A5,Tracking!D:D,C5,Tracking!C:C,"5v5",Tracking!L:L,"nc")+COUNTIFS(Tracking!I:I,A5,Tracking!D:D,C5,Tracking!C:C,"5v5",Tracking!L:L,"nr")+COUNTIFS(Tracking!I:I,A5,Tracking!D:D,C5,Tracking!C:C,"5v5",Tracking!L:L,"nsl")+COUNTIFS(Tracking!I:I,A5,Tracking!D:D,C5,Tracking!C:C,"5v5",Tracking!L:L,"nsc")+COUNTIFS(Tracking!I:I,A5,Tracking!D:D,C5,Tracking!C:C,"5v5",Tracking!L:L,"nsr") | U5: =COUNTIFS(Tracking!G:G,A5,Tracking!D:D,C5,Tracking!C:C,"5v5",Tracking!J:J,"dl")+COUNTIFS(Tracking!G:G,A5,Tracking!D:D,C5,Tracking!C:C,"5v5",Tracking!J:J,"dc")+COUNTIFS(Tracking!G:G,A5,Tracking!D:D,C5,Tracking!C:C,"5v5",Tracking!J:J,"dr")+COUNTIFS(Tracking!G:G,A5,Tracking!D:D,C5,Tracking!C:C,"5v5",Tracking!J:J,"dsl")+COUNTIFS(Tracking!G:G,A5,Tracking!D:D,C5,Tracking!C:C,"5v5",Tracking!J:J,"dsc")+COUNTIFS(Tracking!G:G,A5,Tracking!D:D,C5,Tracking!C:C,"5v5",Tracking!J:J,"dsr")+COUNTIFS(Tracking!H:H,A5,Tracking!D:D,C5,Tracking!C:C,"5v5",Tracking!K:K,"dl")+COUNTIFS(Tracking!H:H,A5,Tracking!D:D,C5,Tracking!C:C,"5v5",Tracking!K:K,"dc")+COUNTIFS(Tracking!H:H,A5,Tracking!D:D,C5,Tracking!C:C,"5v5",Tracking!K:K,"dr")+COUNTIFS(Tracking!H:H,A5,Tracking!D:D,C5,Tracking!C:C,"5v5",Tracking!K:K,"dsl")+COUNTIFS(Tracking!H:H,A5,Tracking!D:D,C5,Tracking!C:C,"5v5",Tracking!K:K,"dsc")+COUNTIFS(Tracking!H:H,A5,Tracking!D:D,C5,Tracking!C:C,"5v5",Tracking!K:K,"dsr")+COUNTIFS(Tracking!I:I,A5,Tracking!D:D,C5,Tracking!C:C,"5v5",Tracking!L:L,"dl")+COUNTIFS(Tracking!I:I,A5,Tracking!D:D,C5,Tracking!C:C,"5v5",Tracking!L:L,"dc")+COUNTIFS(Tracking!I:I,A5,Tracking!D:D,C5,Tracking!C:C,"5v5",Tracking!L:L,"dr")+COUNTIFS(Tracking!I:I,A5,Tracking!D:D,C5,Tracking!C:C,"5v5",Tracking!L:L,"dsl")+COUNTIFS(Tracking!I:I,A5,Tracking!D:D,C5,Tracking!C:C,"5v5",Tracking!L:L,"dsc")+COUNTIFS(Tracking!I:I,A5,Tracking!D:D,C5,Tracking!C:C,"5v5",Tracking!L:L,"dsr") | V5: =COUNTIFS(Tracking!E:E,A5,Tracking!D:D,C5,Tracking!C:C,"5v5",Tracking!P:P,"r") | W5: =COUNTIFS(Tracking!G:G,A5,Tracking!D:D,C5,Tracking!C:C,"5v5",Tracking!P:P,"r")+COUNTIFS(Tracking!H:H,A5,Tracking!D:D,C5,Tracking!C:C,"5v5",Tracking!P:P,"r")+COUNTIFS(Tracking!I:I,A5,Tracking!D:D,C5,Tracking!C:C,"5v5",Tracking!P:P,"r") | X5: =COUNTIFS(Tracking!E:E,A5,Tracking!D:D,C5,Tracking!C:C,"5v5",Tracking!P:P,"f") | Y5: =COUNTIFS(Tracking!G:G,A5,Tracking!D:D,C5,Tracking!C:C,"5v5",Tracking!P:P,"f")+COUNTIFS(Tracking!H:H,A5,Tracking!D:D,C5,Tracking!C:C,"5v5",Tracking!P:P,"f")+COUNTIFS(Tracking!I:I,A5,Tracking!D:D,C5,Tracking!C:C,"5v5",Tracking!P:P,"f") | Z5: =COUNTIFS(Tracking!E:E,A5,Tracking!D:D,C5,Tracking!C:C,"5v5",Tracking!P:P,"c") | AA5: =COUNTIFS(Tracking!G:G,A5,Tracking!D:D,C5,Tracking!C:C,"5v5",Tracking!P:P,"c")+COUNTIFS(Tracking!H:H,A5,Tracking!D:D,C5,Tracking!C:C,"5v5",Tracking!P:P,"f")+COUNTIFS(Tracking!I:I,A5,Tracking!D:D,C5,Tracking!C:C,"5v5",Tracking!P:P,"f") | AB5: =COUNTIFS(Tracking!E:E,A5,Tracking!D:D,C5,Tracking!C:C,"5v5",Tracking!J:J,"orrl")+COUNTIFS(Tracking!E:E,A5,Tracking!D:D,C5,Tracking!C:C,"5v5",Tracking!J:J,"orrc")+COUNTIFS(Tracking!E:E,A5,Tracking!D:D,C5,Tracking!C:C,"5v5",Tracking!J:J,"orrr")+COUNTIFS(Tracking!E:E,A5,Tracking!D:D,C5,Tracking!C:C,"5v5",Tracking!J:J,"oell")+COUNTIFS(Tracking!E:E,A5,Tracking!D:D,C5,Tracking!C:C,"5v5",Tracking!J:J,"oelc")+COUNTIFS(Tracking!E:E,A5,Tracking!D:D,C5,Tracking!C:C,"5v5",Tracking!J:J,"oelr") | AC5: =COUNTIFS(Tracking!Z:Z,A5&C5,Tracking!C:C,"5v5")-AE5 | AD5: =COUNTIFS(Tracking!Z:Z,A5&C5,Tracking!C:C,"5v5",Tracking!Y:Y,"C") | AE5: =COUNTIFS(Tracking!Z:Z,A5&C5,Tracking!C:C,"5v5",Tracking!Y:Y,"F") | AF5: =COUNTIFS(Tracking!Z:Z,A5&C5,Tracking!C:C,"5v5",Tracking!Y:Y,"C",Tracking!AB:AB,"Y") | AG5: =COUNTIFS(Tracking!AD:AD,A5&C5,Tracking!C:C,"5v5") | AH5: =COUNTIFS(Tracking!Z:Z,A5&C5,Tracking!C:C,"5v5",Tracking!Y:Y,"C",Tracking!AE:AE,"Y") | AI5: =COUNTIFS(Tracking!Z:Z,A5&C5,Tracking!C:C,"5v5",Tracking!Y:Y,"D",Tracking!AE:AE,"Y") | AJ5: =COUNTIFS(Tracking!AH:AH,A5&C5) | AK5: =COUNTIFS(Tracking!AI:AI,A5&C5,Tracking!C:C,"5v5")+AL5 | AL5: =COUNTIFS(Tracking!AF:AF,A5&C5,Tracking!C:C,"5v5")-AT5 | AM5: =COUNTIFS(Tracking!AF:AF,A5&C5,Tracking!C:C,"5v5",Tracking!AG:AG,"CLE")+COUNTIFS(Tracking!AF:AF,A5&C5,Tracking!C:C,"5v5",Tracking!AG:AG,"CEX")+COUNTIFS(Tracking!AF:AF,A5&C5,Tracking!C:C,"5v5",Tracking!AG:AG,"PEX")+COUNTIFS(Tracking!AI:AI,A5&C5,Tracking!C:C,"5v5",Tracking!AJ:AJ,"CLE")+COUNTIFS(Tracking!AI:AI,A5&C5,Tracking!C:C,"5v5",Tracking!AJ:AJ,"CEX")+COUNTIFS(Tracking!AI:AI,A5&C5,Tracking!C:C,"5v5",Tracking!AJ:AJ,"PEX") | AN5: =COUNTIFS(Tracking!AF:AF,A5&C5,Tracking!C:C,"5v5",Tracking!AG:AG,"CEX")+COUNTIFS(Tracking!AF:AF,A5&C5,Tracking!C:C,"5v5",Tracking!AG:AG,"PEX")+COUNTIFS(Tracking!AI:AI,A5&C5,Tracking!C:C,"5v5",Tracking!AJ:AJ,"CEX")+COUNTIFS(Tracking!AI:AI,A5&C5,Tracking!C:C,"5v5",Tracking!AJ:AJ,"PEX") | AO5: =COUNTIFS(Tracking!AF:AF,A5&C5,Tracking!C:C,"5v5",Tracking!AG:AG,"CEX")+COUNTIFS(Tracking!AI:AI,A5&C5,Tracking!C:C,"5v5",Tracking!AJ:AJ,"CEX") | AP5: =COUNTIFS(Tracking!AF:AF,A5&C5,Tracking!C:C,"5v5",Tracking!AG:AG,"PEX") | AQ5: =COUNTIFS(Tracking!AF:AF,A5&C5,Tracking!C:C,"5v5",Tracking!AG:AG,"CLE")+COUNTIFS(Tracking!AI:AI,A5&C5,Tracking!C:C,"5v5",Tracking!AJ:AJ,"CLE") | AR5: =COUNTIFS(Tracking!AF:AF,A5&C5,Tracking!C:C,"5v5",Tracking!AG:AG,"MEX") | AS5: =COUNTIFS(Tracking!AF:AF,A5&C5,Tracking!C:C,"5v5",Tracking!AJ:AJ,"CEX")+COUNTIFS(Tracking!AF:AF,A5&C5,Tracking!C:C,"5v5",Tracking!AJ:AJ,"PEX")+COUNTIFS(Tracking!AF:AF,A5&C5,Tracking!C:C,"5v5",Tracking!AJ:AJ,"CLE")+COUNTIFS(Tracking!AF:AF,A5&C5,Tracking!C:C,"5v5",Tracking!AG:AG,"CEX")+COUNTIFS(Tracking!AF:AF,A5&C5,Tracking!C:C,"5v5",Tracking!AG:AG,"PEX") | AT5: =COUNTIFS(Tracking!AF:AF,A5&C5,Tracking!C:C,"5v5",Tracking!AG:AG,"BOT")+COUNTIFS(Tracking!AF:AF,A5&C5,Tracking!C:C,"5v5",Tracking!AG:AG,"FEX") | AU5: =COUNTIFS(Tracking!AF:AF,A5&C5,Tracking!C:C,"5v5",Tracking!AG:AG,"EXC") | AV5: =COUNTIFS(Tracking!AF:AF,A5&C5,Tracking!C:C,"5v5",Tracking!AG:AG,"FEX")+COUNTIFS(Tracking!AI:AI,A5&C5,Tracking!C:C,"5v5",Tracking!AJ:AJ,"FEX") | AW5: =COUNTIFS(Tracking!AF:AF,A5&C5,Tracking!C:C,"5v5",Tracking!AG:AG,"CLE")+COUNTIFS(Tracking!AF:AF,A5&C5,Tracking!C:C,"5v5",Tracking!AG:AG,"CEX")+COUNTIFS(Tracking!AF:AF,A5&C5,Tracking!C:C,"5v5",Tracking!AG:AG,"PEX") | AX5: =COUNTIFS(Tracking!AI:AI,A5&C5,Tracking!C:C,"5v5",Tracking!AJ:AJ,"CLE")+COUNTIFS(Tracking!AI:AI,A5&C5,Tracking!C:C,"5v5",Tracking!AJ:AJ,"CEX")+COUNTIFS(Tracking!AI:AI,A5&C5,Tracking!C:C,"5v5",Tracking!AJ:AJ,"PEX") | AY5: =COUNTIFS(Tracking!AA:AA,A5&C5,Tracking!C:C,"5v5") | AZ5: =COUNTIFS(Tracking!AA:AA,A5&C5,Tracking!C:C,"5v5",Tracking!Y:Y,"C") | BA5: =COUNTIFS(Tracking!AA:AA,A5&C5,Tracking!C:C,"5v5",Tracking!Y:Y,"F") | BB5: =COUNTIFS(Tracking!AA:AA,A5&C5,Tracking!C:C,"5v5",Tracking!AB:AB,"Y") | BC5: =COUNTIFS(Tracking!AA:AA,A5&C5,Tracking!C:C,"5v5",Tracking!Y:Y,"C",Tracking!AE:AE,"Y") | BD5: =COUNTIFS(Tracking!AA:AA,A5&C5,Tracking!C:C,"5v5",Tracking!Y:Y,"D",Tracking!AE:AE,"Y") | BE5: =COUNTIFS(Tracking!Z:Z,A5&C5,Tracking!C:C,"5v4") | BF5: =COUNTIFS(Tracking!Z:Z,A5&C5,Tracking!C:C,"5v4",Tracking!Y:Y,"C") | BG5: =COUNTIFS(Tracking!Z:Z,A5&C5,Tracking!C:C,"5v4",Tracking!AB:AB,"Y") | BH5: =COUNTIFS(Tracking!Z:Z,A5&C5,Tracking!C:C,"4v5") | BI5: =COUNTIFS(Tracking!AA:AA,A5&C5,Tracking!C:C,"5v4",Tracking!Y:Y,"D")+COUNTIFS(Tracking!AA:AA,A5&C5,Tracking!C:C,"5v4",Tracking!Y:Y,"F") | BJ5: =COUNTIFS(Tracking!E:E,A5,Tracking!D:D,C5,Tracking!C:C,"5v4") | BK5: =COUNTIFS(Tracking!G:G,A5,Tracking!D:D,C5,Tracking!C:C,"5v4")+COUNTIFS(Tracking!H:H,A5,Tracking!D:D,C5,Tracking!C:C,"5v4")+COUNTIFS(Tracking!I:I,A5,Tracking!D:D,C5,Tracking!C:C,"5v4") | BL5: =COUNTIFS(Tracking!G:G,A5,Tracking!D:D,C5,Tracking!C:C,"5v4") | BM5: =COUNTIFS(Tracking!E:E,A5,Tracking!D:D,C5,Tracking!C:C,"5v4",Tracking!M:M,"Y") | BN5: =COUNTIFS(Tracking!G:G,A5,Tracking!D:D,C5,Tracking!C:C,"5v4",Tracking!M:M,"Y") | BO5: =COUNTIFS(Tracking!G:G,A5,Tracking!D:D,C5,Tracking!J:J,"orrl",Tracking!C:C,"5v4")+COUNTIFS(Tracking!G:G,A5,Tracking!D:D,C5,Tracking!J:J,"orrc",Tracking!C:C,"5v4")+COUNTIFS(Tracking!G:G,A5,Tracking!D:D,C5,Tracking!J:J,"orrr",Tracking!C:C,"5v4") | BP5: =COUNTIFS(Tracking!G:G,A5,Tracking!D:D,C5,Tracking!C:C,"5v4",Tracking!J:J,"opl")+COUNTIFS(Tracking!G:G,A5,Tracking!D:D,C5,Tracking!C:C,"5v4",Tracking!J:J,"opc")+COUNTIFS(Tracking!G:G,A5,Tracking!D:D,C5,Tracking!C:C,"5v4",Tracking!J:J,"opr")+COUNTIFS(Tracking!G:G,A5,Tracking!D:D,C5,Tracking!C:C,"5v4",Tracking!J:J,"oelpl")+COUNTIFS(Tracking!G:G,A5,Tracking!D:D,C5,Tracking!C:C,"5v4",Tracking!J:J,"oelpc")+COUNTIFS(Tracking!G:G,A5,Tracking!D:D,C5,Tracking!C:C,"5v4",Tracking!J:J,"oelpr") | BQ5: =COUNTIFS(Tracking!G:G,A5,Tracking!D:D,C5,Tracking!C:C,"5v4",Tracking!J:J,"oell")+COUNTIFS(Tracking!G:G,A5,Tracking!D:D,C5,Tracking!C:C,"5v4",Tracking!J:J,"oelc")+COUNTIFS(Tracking!G:G,A5,Tracking!D:D,C5,Tracking!C:C,"5v4",Tracking!J:J,"oelr") | BR5: =COUNTIFS(Tracking!E:E,A5,Tracking!D:D,C5,Tracking!C:C,"5v5",Tracking!F:F,"o") | BS5: =COUNTIFS(Tracking!E:E,A5,Tracking!D:D,C5,Tracking!C:C,"5v5",Tracking!F:F,"r") | BT5: =COUNTIFS(Tracking!E:E,A5,Tracking!D:D,C5,Tracking!C:C,"5v5",Tracking!F:F,"t") | BU5: =COUNTIFS(Tracking!G:G,A5,Tracking!D:D,C5,Tracking!C:C,"5v5",Tracking!F:F,"o") | BV5: =COUNTIFS(Tracking!E:E,A4,Tracking!D:D,C5,Tracking!C:C,"5v5",Tracking!F:F,"r") | BW5: =COUNTIFS(Tracking!G:G,A5,Tracking!D:D,C5,Tracking!C:C,"5v5",Tracking!F:F,"T") | BX5: =COUNTIFS(Tracking!E:E,A5,Tracking!D:D,C5,Tracking!C:C,"5v5",Tracking!Q:Q,"OZ") | BY5: =COUNTIFS(Tracking!E:E,A5,Tracking!D:D,C5,Tracking!C:C,"5v5",Tracking!Q:Q,"nZ") | BZ5: =COUNTIFS(Tracking!E:E,A5,Tracking!D:D,C5,Tracking!C:C,"5v5",Tracking!Q:Q,"dZ") | CA5: =COUNTIFS(Tracking!G:G,A5,Tracking!D:D,C5,Tracking!C:C,"5v5",Tracking!Q:Q,"OZ")+COUNTIFS(Tracking!H:H,A5,Tracking!D:D,C5,Tracking!C:C,"5v5",Tracking!Q:Q,"OZ")+COUNTIFS(Tracking!I:I,A5,Tracking!D:D,C5,Tracking!C:C,"5v5",Tracking!Q:Q,"OZ") | CB5: =COUNTIFS(Tracking!G:G,A5,Tracking!D:D,C5,Tracking!C:C,"5v5",Tracking!Q:Q,"nZ")+COUNTIFS(Tracking!H:H,A5,Tracking!D:D,C5,Tracking!C:C,"5v5",Tracking!Q:Q,"nZ")+COUNTIFS(Tracking!I:I,A5,Tracking!D:D,C5,Tracking!C:C,"5v5",Tracking!Q:Q,"nZ") | CC5: =COUNTIFS(Tracking!G:G,A5,Tracking!D:D,C5,Tracking!C:C,"5v5",Tracking!Q:Q,"dZ")+COUNTIFS(Tracking!H:H,A5,Tracking!D:D,C5,Tracking!C:C,"5v5",Tracking!Q:Q,"dZ")+COUNTIFS(Tracking!I:I,A5,Tracking!D:D,C5,Tracking!C:C,"5v5",Tracking!Q:Q,"dZ") | CD5: =COUNTIFS(Tracking!E:E,A5,Tracking!D:D,C5,Tracking!C:C,"5v5",Tracking!R:R,"dz exit") | CE5: =COUNTIFS(Tracking!E:E,A5,Tracking!D:D,C5,Tracking!C:C,"5v5",Tracking!R:R,"dz counter") | CF5: =COUNTIFS(Tracking!E:E,A5,Tracking!D:D,C5,Tracking!C:C,"5v5",Tracking!R:R,"nz turnover") | CG5: =COUNTIFS(Tracking!E:E,A5,Tracking!D:D,C5,Tracking!C:C,"5v5",Tracking!R:R,"nz regroup") | CH5: =COUNTIFS(Tracking!E:E,A5,Tracking!D:D,C5,Tracking!C:C,"5v5",Tracking!R:R,"nz reload") | CI5: =COUNTIFS(Tracking!E:E,A5,Tracking!D:D,C5,Tracking!C:C,"5v5",Tracking!R:R,"controlled breakout") | CJ5: =CK5+CL5+CM5+CN5+CO5+CP5 | CK5: =(0.075*H5)+(0.07*L5)+(0.055*M5)+(0.055*N5)+(0.095*J5)+(0.09*O5)+(0.05*P5)+(0.05*R5)+(0.05*S5)+(0.05*AB5) | CL5: =(0.045*AD5)-(0.045*AE5)+(0.055*AH5)+(0.035*AI5) | CM5: =(0.015*(AY5-AZ5))+(0.035*BA5)-(0.015*BB5)-(0.025*BC5)+(0.015*(AY5-(BD5+BC5))) | CN5: =(0.035*AN5)+(0.025*AS5)-(0.035*AT5)-(0.035*AV5) | CO5: =(0.015*AJ5)+(0.045*AG5) | CP5: =(0.055*BM5)+(0.055*BN5)+(0.035*BO5)+(0.035*BQ5)+(0.055*BH5)+(0.035*BI5)+(0.035*BG5) | CQ5: =CK5+CL5+CM5+CN5+CO5
A6: 14 | B6: Jamie Benn | C6: DAL | D6: L | E6: 9.4833333 | F6: 2025-26 | G6: 3/6/2026 DAL vs. COL | H6: =COUNTIFS(Tracking!E:E,A6,Tracking!D:D,C6,Tracking!C:C,"5v5") | I6: =COUNTIFS(Tracking!E:E,A6,Tracking!D:D,C6,Tracking!N:N,"y",Tracking!C:C,"5v5") | J6: =COUNTIFS(Tracking!E:E,A6,Tracking!D:D,C6,Tracking!M:M,"y",Tracking!C:C,"5v5") | K6: =L6+M6+N6 | L6: =COUNTIFS(Tracking!G:G,A6,Tracking!D:D,C6,Tracking!C:C,"5v5") | M6: =COUNTIFS(Tracking!H:H,A6,Tracking!D:D,C6,Tracking!C:C,"5v5") | N6: =COUNTIFS(Tracking!I:I,A6,Tracking!D:D,C6,Tracking!C:C,"5v5") | O6: =COUNTIFS(Tracking!G:G,A6,Tracking!D:D,C6,Tracking!C:C,"5v5",Tracking!M:M,"y") | P6: =COUNTIFS(Tracking!G:G,A6,Tracking!D:D,C6,Tracking!C:C,"5v5",Tracking!J:J,"orrl")+COUNTIFS(Tracking!G:G,A6,Tracking!D:D,C6,Tracking!C:C,"5v5",Tracking!J:J,"orrc")+COUNTIFS(Tracking!G:G,A6,Tracking!D:D,C6,Tracking!C:C,"5v5",Tracking!J:J,"orrr")+COUNTIFS(Tracking!G:G,A6,Tracking!D:D,C6,Tracking!C:C,"5v5",Tracking!J:J,"oelrrl")+COUNTIFS(Tracking!G:G,A6,Tracking!D:D,C6,Tracking!C:C,"5v5",Tracking!J:J,"oelrrc")+COUNTIFS(Tracking!G:G,A6,Tracking!D:D,C6,Tracking!C:C,"5v5",Tracking!J:J,"oelrrr") | Q6: =COUNTIFS(Tracking!G:G,A6,Tracking!D:D,C6,Tracking!C:C,"5v5",Tracking!J:J,"opl")+COUNTIFS(Tracking!G:G,A6,Tracking!D:D,C6,Tracking!C:C,"5v5",Tracking!J:J,"opc")+COUNTIFS(Tracking!G:G,A6,Tracking!D:D,C6,Tracking!C:C,"5v5",Tracking!J:J,"opr")+COUNTIFS(Tracking!G:G,A6,Tracking!D:D,C6,Tracking!C:C,"5v5",Tracking!J:J,"oelpl")+COUNTIFS(Tracking!G:G,A6,Tracking!D:D,C6,Tracking!C:C,"5v5",Tracking!J:J,"oelpc")+COUNTIFS(Tracking!G:G,A6,Tracking!D:D,C6,Tracking!C:C,"5v5",Tracking!J:J,"oelpr") | R6: =COUNTIFS(Tracking!G:G,A6,Tracking!D:D,C6,Tracking!C:C,"5v5",Tracking!J:J,"oell")+COUNTIFS(Tracking!G:G,A6,Tracking!D:D,C6,Tracking!C:C,"5v5",Tracking!J:J,"oelc")+COUNTIFS(Tracking!G:G,A6,Tracking!D:D,C6,Tracking!C:C,"5v5",Tracking!J:J,"oelr") | S6: =COUNTIFS(Tracking!G:G,A6,Tracking!D:D,C6,Tracking!C:C,"5v5",Tracking!J:J,"oc")+COUNTIFS(Tracking!G:G,A6,Tracking!D:D,C6,Tracking!C:C,"5v5",Tracking!J:J,"orrc")+COUNTIFS(Tracking!G:G,A6,Tracking!D:D,C6,Tracking!C:C,"5v5",Tracking!J:J,"oelc") | T6: =COUNTIFS(Tracking!G:G,A6,Tracking!D:D,C6,Tracking!C:C,"5v5",Tracking!J:J,"nl")+COUNTIFS(Tracking!G:G,A6,Tracking!D:D,C6,Tracking!C:C,"5v5",Tracking!J:J,"nc")+COUNTIFS(Tracking!G:G,A6,Tracking!D:D,C6,Tracking!C:C,"5v5",Tracking!J:J,"nr")+COUNTIFS(Tracking!G:G,A6,Tracking!D:D,C6,Tracking!C:C,"5v5",Tracking!J:J,"nsl")+COUNTIFS(Tracking!G:G,A6,Tracking!D:D,C6,Tracking!C:C,"5v5",Tracking!J:J,"nsc")+COUNTIFS(Tracking!G:G,A6,Tracking!D:D,C6,Tracking!C:C,"5v5",Tracking!J:J,"nsr")+COUNTIFS(Tracking!H:H,A6,Tracking!D:D,C6,Tracking!C:C,"5v5",Tracking!K:K,"nl")+COUNTIFS(Tracking!H:H,A6,Tracking!D:D,C6,Tracking!C:C,"5v5",Tracking!K:K,"nc")+COUNTIFS(Tracking!H:H,A6,Tracking!D:D,C6,Tracking!C:C,"5v5",Tracking!K:K,"nr")+COUNTIFS(Tracking!H:H,A6,Tracking!D:D,C6,Tracking!C:C,"5v5",Tracking!K:K,"nsl")+COUNTIFS(Tracking!H:H,A6,Tracking!D:D,C6,Tracking!C:C,"5v5",Tracking!K:K,"nsc")+COUNTIFS(Tracking!H:H,A6,Tracking!D:D,C6,Tracking!C:C,"5v5",Tracking!K:K,"nsr")+COUNTIFS(Tracking!I:I,A6,Tracking!D:D,C6,Tracking!C:C,"5v5",Tracking!L:L,"nl")+COUNTIFS(Tracking!I:I,A6,Tracking!D:D,C6,Tracking!C:C,"5v5",Tracking!L:L,"nc")+COUNTIFS(Tracking!I:I,A6,Tracking!D:D,C6,Tracking!C:C,"5v5",Tracking!L:L,"nr")+COUNTIFS(Tracking!I:I,A6,Tracking!D:D,C6,Tracking!C:C,"5v5",Tracking!L:L,"nsl")+COUNTIFS(Tracking!I:I,A6,Tracking!D:D,C6,Tracking!C:C,"5v5",Tracking!L:L,"nsc")+COUNTIFS(Tracking!I:I,A6,Tracking!D:D,C6,Tracking!C:C,"5v5",Tracking!L:L,"nsr") | U6: =COUNTIFS(Tracking!G:G,A6,Tracking!D:D,C6,Tracking!C:C,"5v5",Tracking!J:J,"dl")+COUNTIFS(Tracking!G:G,A6,Tracking!D:D,C6,Tracking!C:C,"5v5",Tracking!J:J,"dc")+COUNTIFS(Tracking!G:G,A6,Tracking!D:D,C6,Tracking!C:C,"5v5",Tracking!J:J,"dr")+COUNTIFS(Tracking!G:G,A6,Tracking!D:D,C6,Tracking!C:C,"5v5",Tracking!J:J,"dsl")+COUNTIFS(Tracking!G:G,A6,Tracking!D:D,C6,Tracking!C:C,"5v5",Tracking!J:J,"dsc")+COUNTIFS(Tracking!G:G,A6,Tracking!D:D,C6,Tracking!C:C,"5v5",Tracking!J:J,"dsr")+COUNTIFS(Tracking!H:H,A6,Tracking!D:D,C6,Tracking!C:C,"5v5",Tracking!K:K,"dl")+COUNTIFS(Tracking!H:H,A6,Tracking!D:D,C6,Tracking!C:C,"5v5",Tracking!K:K,"dc")+COUNTIFS(Tracking!H:H,A6,Tracking!D:D,C6,Tracking!C:C,"5v5",Tracking!K:K,"dr")+COUNTIFS(Tracking!H:H,A6,Tracking!D:D,C6,Tracking!C:C,"5v5",Tracking!K:K,"dsl")+COUNTIFS(Tracking!H:H,A6,Tracking!D:D,C6,Tracking!C:C,"5v5",Tracking!K:K,"dsc")+COUNTIFS(Tracking!H:H,A6,Tracking!D:D,C6,Tracking!C:C,"5v5",Tracking!K:K,"dsr")+COUNTIFS(Tracking!I:I,A6,Tracking!D:D,C6,Tracking!C:C,"5v5",Tracking!L:L,"dl")+COUNTIFS(Tracking!I:I,A6,Tracking!D:D,C6,Tracking!C:C,"5v5",Tracking!L:L,"dc")+COUNTIFS(Tracking!I:I,A6,Tracking!D:D,C6,Tracking!C:C,"5v5",Tracking!L:L,"dr")+COUNTIFS(Tracking!I:I,A6,Tracking!D:D,C6,Tracking!C:C,"5v5",Tracking!L:L,"dsl")+COUNTIFS(Tracking!I:I,A6,Tracking!D:D,C6,Tracking!C:C,"5v5",Tracking!L:L,"dsc")+COUNTIFS(Tracking!I:I,A6,Tracking!D:D,C6,Tracking!C:C,"5v5",Tracking!L:L,"dsr") | V6: =COUNTIFS(Tracking!E:E,A6,Tracking!D:D,C6,Tracking!C:C,"5v5",Tracking!P:P,"r") | W6: =COUNTIFS(Tracking!G:G,A6,Tracking!D:D,C6,Tracking!C:C,"5v5",Tracking!P:P,"r")+COUNTIFS(Tracking!H:H,A6,Tracking!D:D,C6,Tracking!C:C,"5v5",Tracking!P:P,"r")+COUNTIFS(Tracking!I:I,A6,Tracking!D:D,C6,Tracking!C:C,"5v5",Tracking!P:P,"r") | X6: =COUNTIFS(Tracking!E:E,A6,Tracking!D:D,C6,Tracking!C:C,"5v5",Tracking!P:P,"f") | Y6: =COUNTIFS(Tracking!G:G,A6,Tracking!D:D,C6,Tracking!C:C,"5v5",Tracking!P:P,"f")+COUNTIFS(Tracking!H:H,A6,Tracking!D:D,C6,Tracking!C:C,"5v5",Tracking!P:P,"f")+COUNTIFS(Tracking!I:I,A6,Tracking!D:D,C6,Tracking!C:C,"5v5",Tracking!P:P,"f") | Z6: =COUNTIFS(Tracking!E:E,A6,Tracking!D:D,C6,Tracking!C:C,"5v5",Tracking!P:P,"c") | AA6: =COUNTIFS(Tracking!G:G,A6,Tracking!D:D,C6,Tracking!C:C,"5v5",Tracking!P:P,"c")+COUNTIFS(Tracking!H:H,A6,Tracking!D:D,C6,Tracking!C:C,"5v5",Tracking!P:P,"f")+COUNTIFS(Tracking!I:I,A6,Tracking!D:D,C6,Tracking!C:C,"5v5",Tracking!P:P,"f") | AB6: =COUNTIFS(Tracking!E:E,A6,Tracking!D:D,C6,Tracking!C:C,"5v5",Tracking!J:J,"orrl")+COUNTIFS(Tracking!E:E,A6,Tracking!D:D,C6,Tracking!C:C,"5v5",Tracking!J:J,"orrc")+COUNTIFS(Tracking!E:E,A6,Tracking!D:D,C6,Tracking!C:C,"5v5",Tracking!J:J,"orrr")+COUNTIFS(Tracking!E:E,A6,Tracking!D:D,C6,Tracking!C:C,"5v5",Tracking!J:J,"oell")+COUNTIFS(Tracking!E:E,A6,Tracking!D:D,C6,Tracking!C:C,"5v5",Tracking!J:J,"oelc")+COUNTIFS(Tracking!E:E,A6,Tracking!D:D,C6,Tracking!C:C,"5v5",Tracking!J:J,"oelr") | AC6: =COUNTIFS(Tracking!Z:Z,A6&C6,Tracking!C:C,"5v5")-AE6 | AD6: =COUNTIFS(Tracking!Z:Z,A6&C6,Tracking!C:C,"5v5",Tracking!Y:Y,"C") | AE6: =COUNTIFS(Tracking!Z:Z,A6&C6,Tracking!C:C,"5v5",Tracking!Y:Y,"F") | AF6: =COUNTIFS(Tracking!Z:Z,A6&C6,Tracking!C:C,"5v5",Tracking!Y:Y,"C",Tracking!AB:AB,"Y") | AG6: =COUNTIFS(Tracking!AD:AD,A6&C6,Tracking!C:C,"5v5") | AH6: =COUNTIFS(Tracking!Z:Z,A6&C6,Tracking!C:C,"5v5",Tracking!Y:Y,"C",Tracking!AE:AE,"Y") | AI6: =COUNTIFS(Tracking!Z:Z,A6&C6,Tracking!C:C,"5v5",Tracking!Y:Y,"D",Tracking!AE:AE,"Y") | AJ6: =COUNTIFS(Tracking!AH:AH,A6&C6) | AK6: =COUNTIFS(Tracking!AI:AI,A6&C6,Tracking!C:C,"5v5")+AL6 | AL6: =COUNTIFS(Tracking!AF:AF,A6&C6,Tracking!C:C,"5v5")-AT6 | AM6: =COUNTIFS(Tracking!AF:AF,A6&C6,Tracking!C:C,"5v5",Tracking!AG:AG,"CLE")+COUNTIFS(Tracking!AF:AF,A6&C6,Tracking!C:C,"5v5",Tracking!AG:AG,"CEX")+COUNTIFS(Tracking!AF:AF,A6&C6,Tracking!C:C,"5v5",Tracking!AG:AG,"PEX")+COUNTIFS(Tracking!AI:AI,A6&C6,Tracking!C:C,"5v5",Tracking!AJ:AJ,"CLE")+COUNTIFS(Tracking!AI:AI,A6&C6,Tracking!C:C,"5v5",Tracking!AJ:AJ,"CEX")+COUNTIFS(Tracking!AI:AI,A6&C6,Tracking!C:C,"5v5",Tracking!AJ:AJ,"PEX") | AN6: =COUNTIFS(Tracking!AF:AF,A6&C6,Tracking!C:C,"5v5",Tracking!AG:AG,"CEX")+COUNTIFS(Tracking!AF:AF,A6&C6,Tracking!C:C,"5v5",Tracking!AG:AG,"PEX")+COUNTIFS(Tracking!AI:AI,A6&C6,Tracking!C:C,"5v5",Tracking!AJ:AJ,"CEX")+COUNTIFS(Tracking!AI:AI,A6&C6,Tracking!C:C,"5v5",Tracking!AJ:AJ,"PEX") | AO6: =COUNTIFS(Tracking!AF:AF,A6&C6,Tracking!C:C,"5v5",Tracking!AG:AG,"CEX")+COUNTIFS(Tracking!AI:AI,A6&C6,Tracking!C:C,"5v5",Tracking!AJ:AJ,"CEX") | AP6: =COUNTIFS(Tracking!AF:AF,A6&C6,Tracking!C:C,"5v5",Tracking!AG:AG,"PEX") | AQ6: =COUNTIFS(Tracking!AF:AF,A6&C6,Tracking!C:C,"5v5",Tracking!AG:AG,"CLE")+COUNTIFS(Tracking!AI:AI,A6&C6,Tracking!C:C,"5v5",Tracking!AJ:AJ,"CLE") | AR6: =COUNTIFS(Tracking!AF:AF,A6&C6,Tracking!C:C,"5v5",Tracking!AG:AG,"MEX") | AS6: =COUNTIFS(Tracking!AF:AF,A6&C6,Tracking!C:C,"5v5",Tracking!AJ:AJ,"CEX")+COUNTIFS(Tracking!AF:AF,A6&C6,Tracking!C:C,"5v5",Tracking!AJ:AJ,"PEX")+COUNTIFS(Tracking!AF:AF,A6&C6,Tracking!C:C,"5v5",Tracking!AJ:AJ,"CLE")+COUNTIFS(Tracking!AF:AF,A6&C6,Tracking!C:C,"5v5",Tracking!AG:AG,"CEX")+COUNTIFS(Tracking!AF:AF,A6&C6,Tracking!C:C,"5v5",Tracking!AG:AG,"PEX") | AT6: =COUNTIFS(Tracking!AF:AF,A6&C6,Tracking!C:C,"5v5",Tracking!AG:AG,"BOT")+COUNTIFS(Tracking!AF:AF,A6&C6,Tracking!C:C,"5v5",Tracking!AG:AG,"FEX") | AU6: =COUNTIFS(Tracking!AF:AF,A6&C6,Tracking!C:C,"5v5",Tracking!AG:AG,"EXC") | AV6: =COUNTIFS(Tracking!AF:AF,A6&C6,Tracking!C:C,"5v5",Tracking!AG:AG,"FEX")+COUNTIFS(Tracking!AI:AI,A6&C6,Tracking!C:C,"5v5",Tracking!AJ:AJ,"FEX") | AW6: =COUNTIFS(Tracking!AF:AF,A6&C6,Tracking!C:C,"5v5",Tracking!AG:AG,"CLE")+COUNTIFS(Tracking!AF:AF,A6&C6,Tracking!C:C,"5v5",Tracking!AG:AG,"CEX")+COUNTIFS(Tracking!AF:AF,A6&C6,Tracking!C:C,"5v5",Tracking!AG:AG,"PEX") | AX6: =COUNTIFS(Tracking!AI:AI,A6&C6,Tracking!C:C,"5v5",Tracking!AJ:AJ,"CLE")+COUNTIFS(Tracking!AI:AI,A6&C6,Tracking!C:C,"5v5",Tracking!AJ:AJ,"CEX")+COUNTIFS(Tracking!AI:AI,A6&C6,Tracking!C:C,"5v5",Tracking!AJ:AJ,"PEX") | AY6: =COUNTIFS(Tracking!AA:AA,A6&C6,Tracking!C:C,"5v5") | AZ6: =COUNTIFS(Tracking!AA:AA,A6&C6,Tracking!C:C,"5v5",Tracking!Y:Y,"C") | BA6: =COUNTIFS(Tracking!AA:AA,A6&C6,Tracking!C:C,"5v5",Tracking!Y:Y,"F") | BB6: =COUNTIFS(Tracking!AA:AA,A6&C6,Tracking!C:C,"5v5",Tracking!AB:AB,"Y") | BC6: =COUNTIFS(Tracking!AA:AA,A6&C6,Tracking!C:C,"5v5",Tracking!Y:Y,"C",Tracking!AE:AE,"Y") | BD6: =COUNTIFS(Tracking!AA:AA,A6&C6,Tracking!C:C,"5v5",Tracking!Y:Y,"D",Tracking!AE:AE,"Y") | BE6: =COUNTIFS(Tracking!Z:Z,A6&C6,Tracking!C:C,"5v4") | BF6: =COUNTIFS(Tracking!Z:Z,A6&C6,Tracking!C:C,"5v4",Tracking!Y:Y,"C") | BG6: =COUNTIFS(Tracking!Z:Z,A6&C6,Tracking!C:C,"5v4",Tracking!AB:AB,"Y") | BH6: =COUNTIFS(Tracking!Z:Z,A6&C6,Tracking!C:C,"4v5") | BI6: =COUNTIFS(Tracking!AA:AA,A6&C6,Tracking!C:C,"5v4",Tracking!Y:Y,"D")+COUNTIFS(Tracking!AA:AA,A6&C6,Tracking!C:C,"5v4",Tracking!Y:Y,"F") | BJ6: =COUNTIFS(Tracking!E:E,A6,Tracking!D:D,C6,Tracking!C:C,"5v4") | BK6: =COUNTIFS(Tracking!G:G,A6,Tracking!D:D,C6,Tracking!C:C,"5v4")+COUNTIFS(Tracking!H:H,A6,Tracking!D:D,C6,Tracking!C:C,"5v4")+COUNTIFS(Tracking!I:I,A6,Tracking!D:D,C6,Tracking!C:C,"5v4") | BL6: =COUNTIFS(Tracking!G:G,A6,Tracking!D:D,C6,Tracking!C:C,"5v4") | BM6: =COUNTIFS(Tracking!E:E,A6,Tracking!D:D,C6,Tracking!C:C,"5v4",Tracking!M:M,"Y") | BN6: =COUNTIFS(Tracking!G:G,A6,Tracking!D:D,C6,Tracking!C:C,"5v4",Tracking!M:M,"Y") | BO6: =COUNTIFS(Tracking!G:G,A6,Tracking!D:D,C6,Tracking!J:J,"orrl",Tracking!C:C,"5v4")+COUNTIFS(Tracking!G:G,A6,Tracking!D:D,C6,Tracking!J:J,"orrc",Tracking!C:C,"5v4")+COUNTIFS(Tracking!G:G,A6,Tracking!D:D,C6,Tracking!J:J,"orrr",Tracking!C:C,"5v4") | BP6: =COUNTIFS(Tracking!G:G,A6,Tracking!D:D,C6,Tracking!C:C,"5v4",Tracking!J:J,"opl")+COUNTIFS(Tracking!G:G,A6,Tracking!D:D,C6,Tracking!C:C,"5v4",Tracking!J:J,"opc")+COUNTIFS(Tracking!G:G,A6,Tracking!D:D,C6,Tracking!C:C,"5v4",Tracking!J:J,"opr")+COUNTIFS(Tracking!G:G,A6,Tracking!D:D,C6,Tracking!C:C,"5v4",Tracking!J:J,"oelpl")+COUNTIFS(Tracking!G:G,A6,Tracking!D:D,C6,Tracking!C:C,"5v4",Tracking!J:J,"oelpc")+COUNTIFS(Tracking!G:G,A6,Tracking!D:D,C6,Tracking!C:C,"5v4",Tracking!J:J,"oelpr") | BQ6: =COUNTIFS(Tracking!G:G,A6,Tracking!D:D,C6,Tracking!C:C,"5v4",Tracking!J:J,"oell")+COUNTIFS(Tracking!G:G,A6,Tracking!D:D,C6,Tracking!C:C,"5v4",Tracking!J:J,"oelc")+COUNTIFS(Tracking!G:G,A6,Tracking!D:D,C6,Tracking!C:C,"5v4",Tracking!J:J,"oelr") | BR6: =COUNTIFS(Tracking!E:E,A6,Tracking!D:D,C6,Tracking!C:C,"5v5",Tracking!F:F,"o") | BS6: =COUNTIFS(Tracking!E:E,A6,Tracking!D:D,C6,Tracking!C:C,"5v5",Tracking!F:F,"r") | BT6: =COUNTIFS(Tracking!E:E,A6,Tracking!D:D,C6,Tracking!C:C,"5v5",Tracking!F:F,"t") | BU6: =COUNTIFS(Tracking!G:G,A6,Tracking!D:D,C6,Tracking!C:C,"5v5",Tracking!F:F,"o") | BV6: =COUNTIFS(Tracking!E:E,A5,Tracking!D:D,C6,Tracking!C:C,"5v5",Tracking!F:F,"r") | BW6: =COUNTIFS(Tracking!G:G,A6,Tracking!D:D,C6,Tracking!C:C,"5v5",Tracking!F:F,"T") | BX6: =COUNTIFS(Tracking!E:E,A6,Tracking!D:D,C6,Tracking!C:C,"5v5",Tracking!Q:Q,"OZ") | BY6: =COUNTIFS(Tracking!E:E,A6,Tracking!D:D,C6,Tracking!C:C,"5v5",Tracking!Q:Q,"nZ") | BZ6: =COUNTIFS(Tracking!E:E,A6,Tracking!D:D,C6,Tracking!C:C,"5v5",Tracking!Q:Q,"dZ") | CA6: =COUNTIFS(Tracking!G:G,A6,Tracking!D:D,C6,Tracking!C:C,"5v5",Tracking!Q:Q,"OZ")+COUNTIFS(Tracking!H:H,A6,Tracking!D:D,C6,Tracking!C:C,"5v5",Tracking!Q:Q,"OZ")+COUNTIFS(Tracking!I:I,A6,Tracking!D:D,C6,Tracking!C:C,"5v5",Tracking!Q:Q,"OZ") | CB6: =COUNTIFS(Tracking!G:G,A6,Tracking!D:D,C6,Tracking!C:C,"5v5",Tracking!Q:Q,"nZ")+COUNTIFS(Tracking!H:H,A6,Tracking!D:D,C6,Tracking!C:C,"5v5",Tracking!Q:Q,"nZ")+COUNTIFS(Tracking!I:I,A6,Tracking!D:D,C6,Tracking!C:C,"5v5",Tracking!Q:Q,"nZ") | CC6: =COUNTIFS(Tracking!G:G,A6,Tracking!D:D,C6,Tracking!C:C,"5v5",Tracking!Q:Q,"dZ")+COUNTIFS(Tracking!H:H,A6,Tracking!D:D,C6,Tracking!C:C,"5v5",Tracking!Q:Q,"dZ")+COUNTIFS(Tracking!I:I,A6,Tracking!D:D,C6,Tracking!C:C,"5v5",Tracking!Q:Q,"dZ") | CD6: =COUNTIFS(Tracking!E:E,A6,Tracking!D:D,C6,Tracking!C:C,"5v5",Tracking!R:R,"dz exit") | CE6: =COUNTIFS(Tracking!E:E,A6,Tracking!D:D,C6,Tracking!C:C,"5v5",Tracking!R:R,"dz counter") | CF6: =COUNTIFS(Tracking!E:E,A6,Tracking!D:D,C6,Tracking!C:C,"5v5",Tracking!R:R,"nz turnover") | CG6: =COUNTIFS(Tracking!E:E,A6,Tracking!D:D,C6,Tracking!C:C,"5v5",Tracking!R:R,"nz regroup") | CH6: =COUNTIFS(Tracking!E:E,A6,Tracking!D:D,C6,Tracking!C:C,"5v5",Tracking!R:R,"nz reload") | CI6: =COUNTIFS(Tracking!E:E,A6,Tracking!D:D,C6,Tracking!C:C,"5v5",Tracking!R:R,"controlled breakout") | CJ6: =CK6+CL6+CM6+CN6+CO6+CP6 | CK6: =(0.075*H6)+(0.07*L6)+(0.055*M6)+(0.055*N6)+(0.095*J6)+(0.09*O6)+(0.05*P6)+(0.05*R6)+(0.05*S6)+(0.05*AB6) | CL6: =(0.045*AD6)-(0.045*AE6)+(0.055*AH6)+(0.035*AI6) | CM6: =(0.015*(AY6-AZ6))+(0.035*BA6)-(0.015*BB6)-(0.025*BC6)+(0.015*(AY6-(BD6+BC6))) | CN6: =(0.035*AN6)+(0.025*AS6)-(0.035*AT6)-(0.035*AV6) | CO6: =(0.015*AJ6)+(0.045*AG6) | CP6: =(0.055*BM6)+(0.055*BN6)+(0.035*BO6)+(0.035*BQ6)+(0.055*BH6)+(0.035*BI6)+(0.035*BG6) | CQ6: =CK6+CL6+CM6+CN6+CO6
A7: 21 | B7: Jason Robertson | C7: DAL | D7: L | E7: 14.433333 | F7: 2025-26 | G7: 3/6/2026 DAL vs. COL | H7: =COUNTIFS(Tracking!E:E,A7,Tracking!D:D,C7,Tracking!C:C,"5v5") | I7: =COUNTIFS(Tracking!E:E,A7,Tracking!D:D,C7,Tracking!N:N,"y",Tracking!C:C,"5v5") | J7: =COUNTIFS(Tracking!E:E,A7,Tracking!D:D,C7,Tracking!M:M,"y",Tracking!C:C,"5v5") | K7: =L7+M7+N7 | L7: =COUNTIFS(Tracking!G:G,A7,Tracking!D:D,C7,Tracking!C:C,"5v5") | M7: =COUNTIFS(Tracking!H:H,A7,Tracking!D:D,C7,Tracking!C:C,"5v5") | N7: =COUNTIFS(Tracking!I:I,A7,Tracking!D:D,C7,Tracking!C:C,"5v5") | O7: =COUNTIFS(Tracking!G:G,A7,Tracking!D:D,C7,Tracking!C:C,"5v5",Tracking!M:M,"y") | P7: =COUNTIFS(Tracking!G:G,A7,Tracking!D:D,C7,Tracking!C:C,"5v5",Tracking!J:J,"orrl")+COUNTIFS(Tracking!G:G,A7,Tracking!D:D,C7,Tracking!C:C,"5v5",Tracking!J:J,"orrc")+COUNTIFS(Tracking!G:G,A7,Tracking!D:D,C7,Tracking!C:C,"5v5",Tracking!J:J,"orrr")+COUNTIFS(Tracking!G:G,A7,Tracking!D:D,C7,Tracking!C:C,"5v5",Tracking!J:J,"oelrrl")+COUNTIFS(Tracking!G:G,A7,Tracking!D:D,C7,Tracking!C:C,"5v5",Tracking!J:J,"oelrrc")+COUNTIFS(Tracking!G:G,A7,Tracking!D:D,C7,Tracking!C:C,"5v5",Tracking!J:J,"oelrrr") | Q7: =COUNTIFS(Tracking!G:G,A7,Tracking!D:D,C7,Tracking!C:C,"5v5",Tracking!J:J,"opl")+COUNTIFS(Tracking!G:G,A7,Tracking!D:D,C7,Tracking!C:C,"5v5",Tracking!J:J,"opc")+COUNTIFS(Tracking!G:G,A7,Tracking!D:D,C7,Tracking!C:C,"5v5",Tracking!J:J,"opr")+COUNTIFS(Tracking!G:G,A7,Tracking!D:D,C7,Tracking!C:C,"5v5",Tracking!J:J,"oelpl")+COUNTIFS(Tracking!G:G,A7,Tracking!D:D,C7,Tracking!C:C,"5v5",Tracking!J:J,"oelpc")+COUNTIFS(Tracking!G:G,A7,Tracking!D:D,C7,Tracking!C:C,"5v5",Tracking!J:J,"oelpr") | R7: =COUNTIFS(Tracking!G:G,A7,Tracking!D:D,C7,Tracking!C:C,"5v5",Tracking!J:J,"oell")+COUNTIFS(Tracking!G:G,A7,Tracking!D:D,C7,Tracking!C:C,"5v5",Tracking!J:J,"oelc")+COUNTIFS(Tracking!G:G,A7,Tracking!D:D,C7,Tracking!C:C,"5v5",Tracking!J:J,"oelr") | S7: =COUNTIFS(Tracking!G:G,A7,Tracking!D:D,C7,Tracking!C:C,"5v5",Tracking!J:J,"oc")+COUNTIFS(Tracking!G:G,A7,Tracking!D:D,C7,Tracking!C:C,"5v5",Tracking!J:J,"orrc")+COUNTIFS(Tracking!G:G,A7,Tracking!D:D,C7,Tracking!C:C,"5v5",Tracking!J:J,"oelc") | T7: =COUNTIFS(Tracking!G:G,A7,Tracking!D:D,C7,Tracking!C:C,"5v5",Tracking!J:J,"nl")+COUNTIFS(Tracking!G:G,A7,Tracking!D:D,C7,Tracking!C:C,"5v5",Tracking!J:J,"nc")+COUNTIFS(Tracking!G:G,A7,Tracking!D:D,C7,Tracking!C:C,"5v5",Tracking!J:J,"nr")+COUNTIFS(Tracking!G:G,A7,Tracking!D:D,C7,Tracking!C:C,"5v5",Tracking!J:J,"nsl")+COUNTIFS(Tracking!G:G,A7,Tracking!D:D,C7,Tracking!C:C,"5v5",Tracking!J:J,"nsc")+COUNTIFS(Tracking!G:G,A7,Tracking!D:D,C7,Tracking!C:C,"5v5",Tracking!J:J,"nsr")+COUNTIFS(Tracking!H:H,A7,Tracking!D:D,C7,Tracking!C:C,"5v5",Tracking!K:K,"nl")+COUNTIFS(Tracking!H:H,A7,Tracking!D:D,C7,Tracking!C:C,"5v5",Tracking!K:K,"nc")+COUNTIFS(Tracking!H:H,A7,Tracking!D:D,C7,Tracking!C:C,"5v5",Tracking!K:K,"nr")+COUNTIFS(Tracking!H:H,A7,Tracking!D:D,C7,Tracking!C:C,"5v5",Tracking!K:K,"nsl")+COUNTIFS(Tracking!H:H,A7,Tracking!D:D,C7,Tracking!C:C,"5v5",Tracking!K:K,"nsc")+COUNTIFS(Tracking!H:H,A7,Tracking!D:D,C7,Tracking!C:C,"5v5",Tracking!K:K,"nsr")+COUNTIFS(Tracking!I:I,A7,Tracking!D:D,C7,Tracking!C:C,"5v5",Tracking!L:L,"nl")+COUNTIFS(Tracking!I:I,A7,Tracking!D:D,C7,Tracking!C:C,"5v5",Tracking!L:L,"nc")+COUNTIFS(Tracking!I:I,A7,Tracking!D:D,C7,Tracking!C:C,"5v5",Tracking!L:L,"nr")+COUNTIFS(Tracking!I:I,A7,Tracking!D:D,C7,Tracking!C:C,"5v5",Tracking!L:L,"nsl")+COUNTIFS(Tracking!I:I,A7,Tracking!D:D,C7,Tracking!C:C,"5v5",Tracking!L:L,"nsc")+COUNTIFS(Tracking!I:I,A7,Tracking!D:D,C7,Tracking!C:C,"5v5",Tracking!L:L,"nsr") | U7: =COUNTIFS(Tracking!G:G,A7,Tracking!D:D,C7,Tracking!C:C,"5v5",Tracking!J:J,"dl")+COUNTIFS(Tracking!G:G,A7,Tracking!D:D,C7,Tracking!C:C,"5v5",Tracking!J:J,"dc")+COUNTIFS(Tracking!G:G,A7,Tracking!D:D,C7,Tracking!C:C,"5v5",Tracking!J:J,"dr")+COUNTIFS(Tracking!G:G,A7,Tracking!D:D,C7,Tracking!C:C,"5v5",Tracking!J:J,"dsl")+COUNTIFS(Tracking!G:G,A7,Tracking!D:D,C7,Tracking!C:C,"5v5",Tracking!J:J,"dsc")+COUNTIFS(Tracking!G:G,A7,Tracking!D:D,C7,Tracking!C:C,"5v5",Tracking!J:J,"dsr")+COUNTIFS(Tracking!H:H,A7,Tracking!D:D,C7,Tracking!C:C,"5v5",Tracking!K:K,"dl")+COUNTIFS(Tracking!H:H,A7,Tracking!D:D,C7,Tracking!C:C,"5v5",Tracking!K:K,"dc")+COUNTIFS(Tracking!H:H,A7,Tracking!D:D,C7,Tracking!C:C,"5v5",Tracking!K:K,"dr")+COUNTIFS(Tracking!H:H,A7,Tracking!D:D,C7,Tracking!C:C,"5v5",Tracking!K:K,"dsl")+COUNTIFS(Tracking!H:H,A7,Tracking!D:D,C7,Tracking!C:C,"5v5",Tracking!K:K,"dsc")+COUNTIFS(Tracking!H:H,A7,Tracking!D:D,C7,Tracking!C:C,"5v5",Tracking!K:K,"dsr")+COUNTIFS(Tracking!I:I,A7,Tracking!D:D,C7,Tracking!C:C,"5v5",Tracking!L:L,"dl")+COUNTIFS(Tracking!I:I,A7,Tracking!D:D,C7,Tracking!C:C,"5v5",Tracking!L:L,"dc")+COUNTIFS(Tracking!I:I,A7,Tracking!D:D,C7,Tracking!C:C,"5v5",Tracking!L:L,"dr")+COUNTIFS(Tracking!I:I,A7,Tracking!D:D,C7,Tracking!C:C,"5v5",Tracking!L:L,"dsl")+COUNTIFS(Tracking!I:I,A7,Tracking!D:D,C7,Tracking!C:C,"5v5",Tracking!L:L,"dsc")+COUNTIFS(Tracking!I:I,A7,Tracking!D:D,C7,Tracking!C:C,"5v5",Tracking!L:L,"dsr") | V7: =COUNTIFS(Tracking!E:E,A7,Tracking!D:D,C7,Tracking!C:C,"5v5",Tracking!P:P,"r") | W7: =COUNTIFS(Tracking!G:G,A7,Tracking!D:D,C7,Tracking!C:C,"5v5",Tracking!P:P,"r")+COUNTIFS(Tracking!H:H,A7,Tracking!D:D,C7,Tracking!C:C,"5v5",Tracking!P:P,"r")+COUNTIFS(Tracking!I:I,A7,Tracking!D:D,C7,Tracking!C:C,"5v5",Tracking!P:P,"r") | X7: =COUNTIFS(Tracking!E:E,A7,Tracking!D:D,C7,Tracking!C:C,"5v5",Tracking!P:P,"f") | Y7: =COUNTIFS(Tracking!G:G,A7,Tracking!D:D,C7,Tracking!C:C,"5v5",Tracking!P:P,"f")+COUNTIFS(Tracking!H:H,A7,Tracking!D:D,C7,Tracking!C:C,"5v5",Tracking!P:P,"f")+COUNTIFS(Tracking!I:I,A7,Tracking!D:D,C7,Tracking!C:C,"5v5",Tracking!P:P,"f") | Z7: =COUNTIFS(Tracking!E:E,A7,Tracking!D:D,C7,Tracking!C:C,"5v5",Tracking!P:P,"c") | AA7: =COUNTIFS(Tracking!G:G,A7,Tracking!D:D,C7,Tracking!C:C,"5v5",Tracking!P:P,"c")+COUNTIFS(Tracking!H:H,A7,Tracking!D:D,C7,Tracking!C:C,"5v5",Tracking!P:P,"f")+COUNTIFS(Tracking!I:I,A7,Tracking!D:D,C7,Tracking!C:C,"5v5",Tracking!P:P,"f") | AB7: =COUNTIFS(Tracking!E:E,A7,Tracking!D:D,C7,Tracking!C:C,"5v5",Tracking!J:J,"orrl")+COUNTIFS(Tracking!E:E,A7,Tracking!D:D,C7,Tracking!C:C,"5v5",Tracking!J:J,"orrc")+COUNTIFS(Tracking!E:E,A7,Tracking!D:D,C7,Tracking!C:C,"5v5",Tracking!J:J,"orrr")+COUNTIFS(Tracking!E:E,A7,Tracking!D:D,C7,Tracking!C:C,"5v5",Tracking!J:J,"oell")+COUNTIFS(Tracking!E:E,A7,Tracking!D:D,C7,Tracking!C:C,"5v5",Tracking!J:J,"oelc")+COUNTIFS(Tracking!E:E,A7,Tracking!D:D,C7,Tracking!C:C,"5v5",Tracking!J:J,"oelr") | AC7: =COUNTIFS(Tracking!Z:Z,A7&C7,Tracking!C:C,"5v5")-AE7 | AD7: =COUNTIFS(Tracking!Z:Z,A7&C7,Tracking!C:C,"5v5",Tracking!Y:Y,"C") | AE7: =COUNTIFS(Tracking!Z:Z,A7&C7,Tracking!C:C,"5v5",Tracking!Y:Y,"F") | AF7: =COUNTIFS(Tracking!Z:Z,A7&C7,Tracking!C:C,"5v5",Tracking!Y:Y,"C",Tracking!AB:AB,"Y") | AG7: =COUNTIFS(Tracking!AD:AD,A7&C7,Tracking!C:C,"5v5") | AH7: =COUNTIFS(Tracking!Z:Z,A7&C7,Tracking!C:C,"5v5",Tracking!Y:Y,"C",Tracking!AE:AE,"Y") | AI7: =COUNTIFS(Tracking!Z:Z,A7&C7,Tracking!C:C,"5v5",Tracking!Y:Y,"D",Tracking!AE:AE,"Y") | AJ7: =COUNTIFS(Tracking!AH:AH,A7&C7) | AK7: =COUNTIFS(Tracking!AI:AI,A7&C7,Tracking!C:C,"5v5")+AL7 | AL7: =COUNTIFS(Tracking!AF:AF,A7&C7,Tracking!C:C,"5v5")-AT7 | AM7: =COUNTIFS(Tracking!AF:AF,A7&C7,Tracking!C:C,"5v5",Tracking!AG:AG,"CLE")+COUNTIFS(Tracking!AF:AF,A7&C7,Tracking!C:C,"5v5",Tracking!AG:AG,"CEX")+COUNTIFS(Tracking!AF:AF,A7&C7,Tracking!C:C,"5v5",Tracking!AG:AG,"PEX")+COUNTIFS(Tracking!AI:AI,A7&C7,Tracking!C:C,"5v5",Tracking!AJ:AJ,"CLE")+COUNTIFS(Tracking!AI:AI,A7&C7,Tracking!C:C,"5v5",Tracking!AJ:AJ,"CEX")+COUNTIFS(Tracking!AI:AI,A7&C7,Tracking!C:C,"5v5",Tracking!AJ:AJ,"PEX") | AN7: =COUNTIFS(Tracking!AF:AF,A7&C7,Tracking!C:C,"5v5",Tracking!AG:AG,"CEX")+COUNTIFS(Tracking!AF:AF,A7&C7,Tracking!C:C,"5v5",Tracking!AG:AG,"PEX")+COUNTIFS(Tracking!AI:AI,A7&C7,Tracking!C:C,"5v5",Tracking!AJ:AJ,"CEX")+COUNTIFS(Tracking!AI:AI,A7&C7,Tracking!C:C,"5v5",Tracking!AJ:AJ,"PEX") | AO7: =COUNTIFS(Tracking!AF:AF,A7&C7,Tracking!C:C,"5v5",Tracking!AG:AG,"CEX")+COUNTIFS(Tracking!AI:AI,A7&C7,Tracking!C:C,"5v5",Tracking!AJ:AJ,"CEX") | AP7: =COUNTIFS(Tracking!AF:AF,A7&C7,Tracking!C:C,"5v5",Tracking!AG:AG,"PEX") | AQ7: =COUNTIFS(Tracking!AF:AF,A7&C7,Tracking!C:C,"5v5",Tracking!AG:AG,"CLE")+COUNTIFS(Tracking!AI:AI,A7&C7,Tracking!C:C,"5v5",Tracking!AJ:AJ,"CLE") | AR7: =COUNTIFS(Tracking!AF:AF,A7&C7,Tracking!C:C,"5v5",Tracking!AG:AG,"MEX") | AS7: =COUNTIFS(Tracking!AF:AF,A7&C7,Tracking!C:C,"5v5",Tracking!AJ:AJ,"CEX")+COUNTIFS(Tracking!AF:AF,A7&C7,Tracking!C:C,"5v5",Tracking!AJ:AJ,"PEX")+COUNTIFS(Tracking!AF:AF,A7&C7,Tracking!C:C,"5v5",Tracking!AJ:AJ,"CLE")+COUNTIFS(Tracking!AF:AF,A7&C7,Tracking!C:C,"5v5",Tracking!AG:AG,"CEX")+COUNTIFS(Tracking!AF:AF,A7&C7,Tracking!C:C,"5v5",Tracking!AG:AG,"PEX") | AT7: =COUNTIFS(Tracking!AF:AF,A7&C7,Tracking!C:C,"5v5",Tracking!AG:AG,"BOT")+COUNTIFS(Tracking!AF:AF,A7&C7,Tracking!C:C,"5v5",Tracking!AG:AG,"FEX") | AU7: =COUNTIFS(Tracking!AF:AF,A7&C7,Tracking!C:C,"5v5",Tracking!AG:AG,"EXC") | AV7: =COUNTIFS(Tracking!AF:AF,A7&C7,Tracking!C:C,"5v5",Tracking!AG:AG,"FEX")+COUNTIFS(Tracking!AI:AI,A7&C7,Tracking!C:C,"5v5",Tracking!AJ:AJ,"FEX") | AW7: =COUNTIFS(Tracking!AF:AF,A7&C7,Tracking!C:C,"5v5",Tracking!AG:AG,"CLE")+COUNTIFS(Tracking!AF:AF,A7&C7,Tracking!C:C,"5v5",Tracking!AG:AG,"CEX")+COUNTIFS(Tracking!AF:AF,A7&C7,Tracking!C:C,"5v5",Tracking!AG:AG,"PEX") | AX7: =COUNTIFS(Tracking!AI:AI,A7&C7,Tracking!C:C,"5v5",Tracking!AJ:AJ,"CLE")+COUNTIFS(Tracking!AI:AI,A7&C7,Tracking!C:C,"5v5",Tracking!AJ:AJ,"CEX")+COUNTIFS(Tracking!AI:AI,A7&C7,Tracking!C:C,"5v5",Tracking!AJ:AJ,"PEX") | AY7: =COUNTIFS(Tracking!AA:AA,A7&C7,Tracking!C:C,"5v5") | AZ7: =COUNTIFS(Tracking!AA:AA,A7&C7,Tracking!C:C,"5v5",Tracking!Y:Y,"C") | BA7: =COUNTIFS(Tracking!AA:AA,A7&C7,Tracking!C:C,"5v5",Tracking!Y:Y,"F") | BB7: =COUNTIFS(Tracking!AA:AA,A7&C7,Tracking!C:C,"5v5",Tracking!AB:AB,"Y") | BC7: =COUNTIFS(Tracking!AA:AA,A7&C7,Tracking!C:C,"5v5",Tracking!Y:Y,"C",Tracking!AE:AE,"Y") | BD7: =COUNTIFS(Tracking!AA:AA,A7&C7,Tracking!C:C,"5v5",Tracking!Y:Y,"D",Tracking!AE:AE,"Y") | BE7: =COUNTIFS(Tracking!Z:Z,A7&C7,Tracking!C:C,"5v4") | BF7: =COUNTIFS(Tracking!Z:Z,A7&C7,Tracking!C:C,"5v4",Tracking!Y:Y,"C") | BG7: =COUNTIFS(Tracking!Z:Z,A7&C7,Tracking!C:C,"5v4",Tracking!AB:AB,"Y") | BH7: =COUNTIFS(Tracking!Z:Z,A7&C7,Tracking!C:C,"4v5") | BI7: =COUNTIFS(Tracking!AA:AA,A7&C7,Tracking!C:C,"5v4",Tracking!Y:Y,"D")+COUNTIFS(Tracking!AA:AA,A7&C7,Tracking!C:C,"5v4",Tracking!Y:Y,"F") | BJ7: =COUNTIFS(Tracking!E:E,A7,Tracking!D:D,C7,Tracking!C:C,"5v4") | BK7: =COUNTIFS(Tracking!G:G,A7,Tracking!D:D,C7,Tracking!C:C,"5v4")+COUNTIFS(Tracking!H:H,A7,Tracking!D:D,C7,Tracking!C:C,"5v4")+COUNTIFS(Tracking!I:I,A7,Tracking!D:D,C7,Tracking!C:C,"5v4") | BL7: =COUNTIFS(Tracking!G:G,A7,Tracking!D:D,C7,Tracking!C:C,"5v4") | BM7: =COUNTIFS(Tracking!E:E,A7,Tracking!D:D,C7,Tracking!C:C,"5v4",Tracking!M:M,"Y") | BN7: =COUNTIFS(Tracking!G:G,A7,Tracking!D:D,C7,Tracking!C:C,"5v4",Tracking!M:M,"Y") | BO7: =COUNTIFS(Tracking!G:G,A7,Tracking!D:D,C7,Tracking!J:J,"orrl",Tracking!C:C,"5v4")+COUNTIFS(Tracking!G:G,A7,Tracking!D:D,C7,Tracking!J:J,"orrc",Tracking!C:C,"5v4")+COUNTIFS(Tracking!G:G,A7,Tracking!D:D,C7,Tracking!J:J,"orrr",Tracking!C:C,"5v4") | BP7: =COUNTIFS(Tracking!G:G,A7,Tracking!D:D,C7,Tracking!C:C,"5v4",Tracking!J:J,"opl")+COUNTIFS(Tracking!G:G,A7,Tracking!D:D,C7,Tracking!C:C,"5v4",Tracking!J:J,"opc")+COUNTIFS(Tracking!G:G,A7,Tracking!D:D,C7,Tracking!C:C,"5v4",Tracking!J:J,"opr")+COUNTIFS(Tracking!G:G,A7,Tracking!D:D,C7,Tracking!C:C,"5v4",Tracking!J:J,"oelpl")+COUNTIFS(Tracking!G:G,A7,Tracking!D:D,C7,Tracking!C:C,"5v4",Tracking!J:J,"oelpc")+COUNTIFS(Tracking!G:G,A7,Tracking!D:D,C7,Tracking!C:C,"5v4",Tracking!J:J,"oelpr") | BQ7: =COUNTIFS(Tracking!G:G,A7,Tracking!D:D,C7,Tracking!C:C,"5v4",Tracking!J:J,"oell")+COUNTIFS(Tracking!G:G,A7,Tracking!D:D,C7,Tracking!C:C,"5v4",Tracking!J:J,"oelc")+COUNTIFS(Tracking!G:G,A7,Tracking!D:D,C7,Tracking!C:C,"5v4",Tracking!J:J,"oelr") | BR7: =COUNTIFS(Tracking!E:E,A7,Tracking!D:D,C7,Tracking!C:C,"5v5",Tracking!F:F,"o") | BS7: =COUNTIFS(Tracking!E:E,A7,Tracking!D:D,C7,Tracking!C:C,"5v5",Tracking!F:F,"r") | BT7: =COUNTIFS(Tracking!E:E,A7,Tracking!D:D,C7,Tracking!C:C,"5v5",Tracking!F:F,"t") | BU7: =COUNTIFS(Tracking!G:G,A7,Tracking!D:D,C7,Tracking!C:C,"5v5",Tracking!F:F,"o") | BV7: =COUNTIFS(Tracking!E:E,A6,Tracking!D:D,C7,Tracking!C:C,"5v5",Tracking!F:F,"r") | BW7: =COUNTIFS(Tracking!G:G,A7,Tracking!D:D,C7,Tracking!C:C,"5v5",Tracking!F:F,"T") | BX7: =COUNTIFS(Tracking!E:E,A7,Tracking!D:D,C7,Tracking!C:C,"5v5",Tracking!Q:Q,"OZ") | BY7: =COUNTIFS(Tracking!E:E,A7,Tracking!D:D,C7,Tracking!C:C,"5v5",Tracking!Q:Q,"nZ") | BZ7: =COUNTIFS(Tracking!E:E,A7,Tracking!D:D,C7,Tracking!C:C,"5v5",Tracking!Q:Q,"dZ") | CA7: =COUNTIFS(Tracking!G:G,A7,Tracking!D:D,C7,Tracking!C:C,"5v5",Tracking!Q:Q,"OZ")+COUNTIFS(Tracking!H:H,A7,Tracking!D:D,C7,Tracking!C:C,"5v5",Tracking!Q:Q,"OZ")+COUNTIFS(Tracking!I:I,A7,Tracking!D:D,C7,Tracking!C:C,"5v5",Tracking!Q:Q,"OZ") | CB7: =COUNTIFS(Tracking!G:G,A7,Tracking!D:D,C7,Tracking!C:C,"5v5",Tracking!Q:Q,"nZ")+COUNTIFS(Tracking!H:H,A7,Tracking!D:D,C7,Tracking!C:C,"5v5",Tracking!Q:Q,"nZ")+COUNTIFS(Tracking!I:I,A7,Tracking!D:D,C7,Tracking!C:C,"5v5",Tracking!Q:Q,"nZ") | CC7: =COUNTIFS(Tracking!G:G,A7,Tracking!D:D,C7,Tracking!C:C,"5v5",Tracking!Q:Q,"dZ")+COUNTIFS(Tracking!H:H,A7,Tracking!D:D,C7,Tracking!C:C,"5v5",Tracking!Q:Q,"dZ")+COUNTIFS(Tracking!I:I,A7,Tracking!D:D,C7,Tracking!C:C,"5v5",Tracking!Q:Q,"dZ") | CD7: =COUNTIFS(Tracking!E:E,A7,Tracking!D:D,C7,Tracking!C:C,"5v5",Tracking!R:R,"dz exit") | CE7: =COUNTIFS(Tracking!E:E,A7,Tracking!D:D,C7,Tracking!C:C,"5v5",Tracking!R:R,"dz counter") | CF7: =COUNTIFS(Tracking!E:E,A7,Tracking!D:D,C7,Tracking!C:C,"5v5",Tracking!R:R,"nz turnover") | CG7: =COUNTIFS(Tracking!E:E,A7,Tracking!D:D,C7,Tracking!C:C,"5v5",Tracking!R:R,"nz regroup") | CH7: =COUNTIFS(Tracking!E:E,A7,Tracking!D:D,C7,Tracking!C:C,"5v5",Tracking!R:R,"nz reload") | CI7: =COUNTIFS(Tracking!E:E,A7,Tracking!D:D,C7,Tracking!C:C,"5v5",Tracking!R:R,"controlled breakout") | CJ7: =CK7+CL7+CM7+CN7+CO7+CP7 | CK7: =(0.075*H7)+(0.07*L7)+(0.055*M7)+(0.055*N7)+(0.095*J7)+(0.09*O7)+(0.05*P7)+(0.05*R7)+(0.05*S7)+(0.05*AB7) | CL7: =(0.045*AD7)-(0.045*AE7)+(0.055*AH7)+(0.035*AI7) | CM7: =(0.015*(AY7-AZ7))+(0.035*BA7)-(0.015*BB7)-(0.025*BC7)+(0.015*(AY7-(BD7+BC7))) | CN7: =(0.035*AN7)+(0.025*AS7)-(0.035*AT7)-(0.035*AV7) | CO7: =(0.015*AJ7)+(0.045*AG7) | CP7: =(0.055*BM7)+(0.055*BN7)+(0.035*BO7)+(0.035*BQ7)+(0.055*BH7)+(0.035*BI7)+(0.035*BG7) | CQ7: =CK7+CL7+CM7+CN7+CO7
A8: 49 | B8: Justin Hryckowian | C8: DAL | D8: C | E8: 13.8 | F8: 2025-26 | G8: 3/6/2026 DAL vs. COL | H8: =COUNTIFS(Tracking!E:E,A8,Tracking!D:D,C8,Tracking!C:C,"5v5") | I8: =COUNTIFS(Tracking!E:E,A8,Tracking!D:D,C8,Tracking!N:N,"y",Tracking!C:C,"5v5") | J8: =COUNTIFS(Tracking!E:E,A8,Tracking!D:D,C8,Tracking!M:M,"y",Tracking!C:C,"5v5") | K8: =L8+M8+N8 | L8: =COUNTIFS(Tracking!G:G,A8,Tracking!D:D,C8,Tracking!C:C,"5v5") | M8: =COUNTIFS(Tracking!H:H,A8,Tracking!D:D,C8,Tracking!C:C,"5v5") | N8: =COUNTIFS(Tracking!I:I,A8,Tracking!D:D,C8,Tracking!C:C,"5v5") | O8: =COUNTIFS(Tracking!G:G,A8,Tracking!D:D,C8,Tracking!C:C,"5v5",Tracking!M:M,"y") | P8: =COUNTIFS(Tracking!G:G,A8,Tracking!D:D,C8,Tracking!C:C,"5v5",Tracking!J:J,"orrl")+COUNTIFS(Tracking!G:G,A8,Tracking!D:D,C8,Tracking!C:C,"5v5",Tracking!J:J,"orrc")+COUNTIFS(Tracking!G:G,A8,Tracking!D:D,C8,Tracking!C:C,"5v5",Tracking!J:J,"orrr")+COUNTIFS(Tracking!G:G,A8,Tracking!D:D,C8,Tracking!C:C,"5v5",Tracking!J:J,"oelrrl")+COUNTIFS(Tracking!G:G,A8,Tracking!D:D,C8,Tracking!C:C,"5v5",Tracking!J:J,"oelrrc")+COUNTIFS(Tracking!G:G,A8,Tracking!D:D,C8,Tracking!C:C,"5v5",Tracking!J:J,"oelrrr") | Q8: =COUNTIFS(Tracking!G:G,A8,Tracking!D:D,C8,Tracking!C:C,"5v5",Tracking!J:J,"opl")+COUNTIFS(Tracking!G:G,A8,Tracking!D:D,C8,Tracking!C:C,"5v5",Tracking!J:J,"opc")+COUNTIFS(Tracking!G:G,A8,Tracking!D:D,C8,Tracking!C:C,"5v5",Tracking!J:J,"opr")+COUNTIFS(Tracking!G:G,A8,Tracking!D:D,C8,Tracking!C:C,"5v5",Tracking!J:J,"oelpl")+COUNTIFS(Tracking!G:G,A8,Tracking!D:D,C8,Tracking!C:C,"5v5",Tracking!J:J,"oelpc")+COUNTIFS(Tracking!G:G,A8,Tracking!D:D,C8,Tracking!C:C,"5v5",Tracking!J:J,"oelpr") | R8: =COUNTIFS(Tracking!G:G,A8,Tracking!D:D,C8,Tracking!C:C,"5v5",Tracking!J:J,"oell")+COUNTIFS(Tracking!G:G,A8,Tracking!D:D,C8,Tracking!C:C,"5v5",Tracking!J:J,"oelc")+COUNTIFS(Tracking!G:G,A8,Tracking!D:D,C8,Tracking!C:C,"5v5",Tracking!J:J,"oelr") | S8: =COUNTIFS(Tracking!G:G,A8,Tracking!D:D,C8,Tracking!C:C,"5v5",Tracking!J:J,"oc")+COUNTIFS(Tracking!G:G,A8,Tracking!D:D,C8,Tracking!C:C,"5v5",Tracking!J:J,"orrc")+COUNTIFS(Tracking!G:G,A8,Tracking!D:D,C8,Tracking!C:C,"5v5",Tracking!J:J,"oelc") | T8: =COUNTIFS(Tracking!G:G,A8,Tracking!D:D,C8,Tracking!C:C,"5v5",Tracking!J:J,"nl")+COUNTIFS(Tracking!G:G,A8,Tracking!D:D,C8,Tracking!C:C,"5v5",Tracking!J:J,"nc")+COUNTIFS(Tracking!G:G,A8,Tracking!D:D,C8,Tracking!C:C,"5v5",Tracking!J:J,"nr")+COUNTIFS(Tracking!G:G,A8,Tracking!D:D,C8,Tracking!C:C,"5v5",Tracking!J:J,"nsl")+COUNTIFS(Tracking!G:G,A8,Tracking!D:D,C8,Tracking!C:C,"5v5",Tracking!J:J,"nsc")+COUNTIFS(Tracking!G:G,A8,Tracking!D:D,C8,Tracking!C:C,"5v5",Tracking!J:J,"nsr")+COUNTIFS(Tracking!H:H,A8,Tracking!D:D,C8,Tracking!C:C,"5v5",Tracking!K:K,"nl")+COUNTIFS(Tracking!H:H,A8,Tracking!D:D,C8,Tracking!C:C,"5v5",Tracking!K:K,"nc")+COUNTIFS(Tracking!H:H,A8,Tracking!D:D,C8,Tracking!C:C,"5v5",Tracking!K:K,"nr")+COUNTIFS(Tracking!H:H,A8,Tracking!D:D,C8,Tracking!C:C,"5v5",Tracking!K:K,"nsl")+COUNTIFS(Tracking!H:H,A8,Tracking!D:D,C8,Tracking!C:C,"5v5",Tracking!K:K,"nsc")+COUNTIFS(Tracking!H:H,A8,Tracking!D:D,C8,Tracking!C:C,"5v5",Tracking!K:K,"nsr")+COUNTIFS(Tracking!I:I,A8,Tracking!D:D,C8,Tracking!C:C,"5v5",Tracking!L:L,"nl")+COUNTIFS(Tracking!I:I,A8,Tracking!D:D,C8,Tracking!C:C,"5v5",Tracking!L:L,"nc")+COUNTIFS(Tracking!I:I,A8,Tracking!D:D,C8,Tracking!C:C,"5v5",Tracking!L:L,"nr")+COUNTIFS(Tracking!I:I,A8,Tracking!D:D,C8,Tracking!C:C,"5v5",Tracking!L:L,"nsl")+COUNTIFS(Tracking!I:I,A8,Tracking!D:D,C8,Tracking!C:C,"5v5",Tracking!L:L,"nsc")+COUNTIFS(Tracking!I:I,A8,Tracking!D:D,C8,Tracking!C:C,"5v5",Tracking!L:L,"nsr") | U8: =COUNTIFS(Tracking!G:G,A8,Tracking!D:D,C8,Tracking!C:C,"5v5",Tracking!J:J,"dl")+COUNTIFS(Tracking!G:G,A8,Tracking!D:D,C8,Tracking!C:C,"5v5",Tracking!J:J,"dc")+COUNTIFS(Tracking!G:G,A8,Tracking!D:D,C8,Tracking!C:C,"5v5",Tracking!J:J,"dr")+COUNTIFS(Tracking!G:G,A8,Tracking!D:D,C8,Tracking!C:C,"5v5",Tracking!J:J,"dsl")+COUNTIFS(Tracking!G:G,A8,Tracking!D:D,C8,Tracking!C:C,"5v5",Tracking!J:J,"dsc")+COUNTIFS(Tracking!G:G,A8,Tracking!D:D,C8,Tracking!C:C,"5v5",Tracking!J:J,"dsr")+COUNTIFS(Tracking!H:H,A8,Tracking!D:D,C8,Tracking!C:C,"5v5",Tracking!K:K,"dl")+COUNTIFS(Tracking!H:H,A8,Tracking!D:D,C8,Tracking!C:C,"5v5",Tracking!K:K,"dc")+COUNTIFS(Tracking!H:H,A8,Tracking!D:D,C8,Tracking!C:C,"5v5",Tracking!K:K,"dr")+COUNTIFS(Tracking!H:H,A8,Tracking!D:D,C8,Tracking!C:C,"5v5",Tracking!K:K,"dsl")+COUNTIFS(Tracking!H:H,A8,Tracking!D:D,C8,Tracking!C:C,"5v5",Tracking!K:K,"dsc")+COUNTIFS(Tracking!H:H,A8,Tracking!D:D,C8,Tracking!C:C,"5v5",Tracking!K:K,"dsr")+COUNTIFS(Tracking!I:I,A8,Tracking!D:D,C8,Tracking!C:C,"5v5",Tracking!L:L,"dl")+COUNTIFS(Tracking!I:I,A8,Tracking!D:D,C8,Tracking!C:C,"5v5",Tracking!L:L,"dc")+COUNTIFS(Tracking!I:I,A8,Tracking!D:D,C8,Tracking!C:C,"5v5",Tracking!L:L,"dr")+COUNTIFS(Tracking!I:I,A8,Tracking!D:D,C8,Tracking!C:C,"5v5",Tracking!L:L,"dsl")+COUNTIFS(Tracking!I:I,A8,Tracking!D:D,C8,Tracking!C:C,"5v5",Tracking!L:L,"dsc")+COUNTIFS(Tracking!I:I,A8,Tracking!D:D,C8,Tracking!C:C,"5v5",Tracking!L:L,"dsr") | V8: =COUNTIFS(Tracking!E:E,A8,Tracking!D:D,C8,Tracking!C:C,"5v5",Tracking!P:P,"r") | W8: =COUNTIFS(Tracking!G:G,A8,Tracking!D:D,C8,Tracking!C:C,"5v5",Tracking!P:P,"r")+COUNTIFS(Tracking!H:H,A8,Tracking!D:D,C8,Tracking!C:C,"5v5",Tracking!P:P,"r")+COUNTIFS(Tracking!I:I,A8,Tracking!D:D,C8,Tracking!C:C,"5v5",Tracking!P:P,"r") | X8: =COUNTIFS(Tracking!E:E,A8,Tracking!D:D,C8,Tracking!C:C,"5v5",Tracking!P:P,"f") | Y8: =COUNTIFS(Tracking!G:G,A8,Tracking!D:D,C8,Tracking!C:C,"5v5",Tracking!P:P,"f")+COUNTIFS(Tracking!H:H,A8,Tracking!D:D,C8,Tracking!C:C,"5v5",Tracking!P:P,"f")+COUNTIFS(Tracking!I:I,A8,Tracking!D:D,C8,Tracking!C:C,"5v5",Tracking!P:P,"f") | Z8: =COUNTIFS(Tracking!E:E,A8,Tracking!D:D,C8,Tracking!C:C,"5v5",Tracking!P:P,"c") | AA8: =COUNTIFS(Tracking!G:G,A8,Tracking!D:D,C8,Tracking!C:C,"5v5",Tracking!P:P,"c")+COUNTIFS(Tracking!H:H,A8,Tracking!D:D,C8,Tracking!C:C,"5v5",Tracking!P:P,"f")+COUNTIFS(Tracking!I:I,A8,Tracking!D:D,C8,Tracking!C:C,"5v5",Tracking!P:P,"f") | AB8: =COUNTIFS(Tracking!E:E,A8,Tracking!D:D,C8,Tracking!C:C,"5v5",Tracking!J:J,"orrl")+COUNTIFS(Tracking!E:E,A8,Tracking!D:D,C8,Tracking!C:C,"5v5",Tracking!J:J,"orrc")+COUNTIFS(Tracking!E:E,A8,Tracking!D:D,C8,Tracking!C:C,"5v5",Tracking!J:J,"orrr")+COUNTIFS(Tracking!E:E,A8,Tracking!D:D,C8,Tracking!C:C,"5v5",Tracking!J:J,"oell")+COUNTIFS(Tracking!E:E,A8,Tracking!D:D,C8,Tracking!C:C,"5v5",Tracking!J:J,"oelc")+COUNTIFS(Tracking!E:E,A8,Tracking!D:D,C8,Tracking!C:C,"5v5",Tracking!J:J,"oelr") | AC8: =COUNTIFS(Tracking!Z:Z,A8&C8,Tracking!C:C,"5v5")-AE8 | AD8: =COUNTIFS(Tracking!Z:Z,A8&C8,Tracking!C:C,"5v5",Tracking!Y:Y,"C") | AE8: =COUNTIFS(Tracking!Z:Z,A8&C8,Tracking!C:C,"5v5",Tracking!Y:Y,"F") | AF8: =COUNTIFS(Tracking!Z:Z,A8&C8,Tracking!C:C,"5v5",Tracking!Y:Y,"C",Tracking!AB:AB,"Y") | AG8: =COUNTIFS(Tracking!AD:AD,A8&C8,Tracking!C:C,"5v5") | AH8: =COUNTIFS(Tracking!Z:Z,A8&C8,Tracking!C:C,"5v5",Tracking!Y:Y,"C",Tracking!AE:AE,"Y") | AI8: =COUNTIFS(Tracking!Z:Z,A8&C8,Tracking!C:C,"5v5",Tracking!Y:Y,"D",Tracking!AE:AE,"Y") | AJ8: =COUNTIFS(Tracking!AH:AH,A8&C8) | AK8: =COUNTIFS(Tracking!AI:AI,A8&C8,Tracking!C:C,"5v5")+AL8 | AL8: =COUNTIFS(Tracking!AF:AF,A8&C8,Tracking!C:C,"5v5")-AT8 | AM8: =COUNTIFS(Tracking!AF:AF,A8&C8,Tracking!C:C,"5v5",Tracking!AG:AG,"CLE")+COUNTIFS(Tracking!AF:AF,A8&C8,Tracking!C:C,"5v5",Tracking!AG:AG,"CEX")+COUNTIFS(Tracking!AF:AF,A8&C8,Tracking!C:C,"5v5",Tracking!AG:AG,"PEX")+COUNTIFS(Tracking!AI:AI,A8&C8,Tracking!C:C,"5v5",Tracking!AJ:AJ,"CLE")+COUNTIFS(Tracking!AI:AI,A8&C8,Tracking!C:C,"5v5",Tracking!AJ:AJ,"CEX")+COUNTIFS(Tracking!AI:AI,A8&C8,Tracking!C:C,"5v5",Tracking!AJ:AJ,"PEX") | AN8: =COUNTIFS(Tracking!AF:AF,A8&C8,Tracking!C:C,"5v5",Tracking!AG:AG,"CEX")+COUNTIFS(Tracking!AF:AF,A8&C8,Tracking!C:C,"5v5",Tracking!AG:AG,"PEX")+COUNTIFS(Tracking!AI:AI,A8&C8,Tracking!C:C,"5v5",Tracking!AJ:AJ,"CEX")+COUNTIFS(Tracking!AI:AI,A8&C8,Tracking!C:C,"5v5",Tracking!AJ:AJ,"PEX") | AO8: =COUNTIFS(Tracking!AF:AF,A8&C8,Tracking!C:C,"5v5",Tracking!AG:AG,"CEX")+COUNTIFS(Tracking!AI:AI,A8&C8,Tracking!C:C,"5v5",Tracking!AJ:AJ,"CEX") | AP8: =COUNTIFS(Tracking!AF:AF,A8&C8,Tracking!C:C,"5v5",Tracking!AG:AG,"PEX") | AQ8: =COUNTIFS(Tracking!AF:AF,A8&C8,Tracking!C:C,"5v5",Tracking!AG:AG,"CLE")+COUNTIFS(Tracking!AI:AI,A8&C8,Tracking!C:C,"5v5",Tracking!AJ:AJ,"CLE") | AR8: =COUNTIFS(Tracking!AF:AF,A8&C8,Tracking!C:C,"5v5",Tracking!AG:AG,"MEX") | AS8: =COUNTIFS(Tracking!AF:AF,A8&C8,Tracking!C:C,"5v5",Tracking!AJ:AJ,"CEX")+COUNTIFS(Tracking!AF:AF,A8&C8,Tracking!C:C,"5v5",Tracking!AJ:AJ,"PEX")+COUNTIFS(Tracking!AF:AF,A8&C8,Tracking!C:C,"5v5",Tracking!AJ:AJ,"CLE")+COUNTIFS(Tracking!AF:AF,A8&C8,Tracking!C:C,"5v5",Tracking!AG:AG,"CEX")+COUNTIFS(Tracking!AF:AF,A8&C8,Tracking!C:C,"5v5",Tracking!AG:AG,"PEX") | AT8: =COUNTIFS(Tracking!AF:AF,A8&C8,Tracking!C:C,"5v5",Tracking!AG:AG,"BOT")+COUNTIFS(Tracking!AF:AF,A8&C8,Tracking!C:C,"5v5",Tracking!AG:AG,"FEX") | AU8: =COUNTIFS(Tracking!AF:AF,A8&C8,Tracking!C:C,"5v5",Tracking!AG:AG,"EXC") | AV8: =COUNTIFS(Tracking!AF:AF,A8&C8,Tracking!C:C,"5v5",Tracking!AG:AG,"FEX")+COUNTIFS(Tracking!AI:AI,A8&C8,Tracking!C:C,"5v5",Tracking!AJ:AJ,"FEX") | AW8: =COUNTIFS(Tracking!AF:AF,A8&C8,Tracking!C:C,"5v5",Tracking!AG:AG,"CLE")+COUNTIFS(Tracking!AF:AF,A8&C8,Tracking!C:C,"5v5",Tracking!AG:AG,"CEX")+COUNTIFS(Tracking!AF:AF,A8&C8,Tracking!C:C,"5v5",Tracking!AG:AG,"PEX") | AX8: =COUNTIFS(Tracking!AI:AI,A8&C8,Tracking!C:C,"5v5",Tracking!AJ:AJ,"CLE")+COUNTIFS(Tracking!AI:AI,A8&C8,Tracking!C:C,"5v5",Tracking!AJ:AJ,"CEX")+COUNTIFS(Tracking!AI:AI,A8&C8,Tracking!C:C,"5v5",Tracking!AJ:AJ,"PEX") | AY8: =COUNTIFS(Tracking!AA:AA,A8&C8,Tracking!C:C,"5v5") | AZ8: =COUNTIFS(Tracking!AA:AA,A8&C8,Tracking!C:C,"5v5",Tracking!Y:Y,"C") | BA8: =COUNTIFS(Tracking!AA:AA,A8&C8,Tracking!C:C,"5v5",Tracking!Y:Y,"F") | BB8: =COUNTIFS(Tracking!AA:AA,A8&C8,Tracking!C:C,"5v5",Tracking!AB:AB,"Y") | BC8: =COUNTIFS(Tracking!AA:AA,A8&C8,Tracking!C:C,"5v5",Tracking!Y:Y,"C",Tracking!AE:AE,"Y") | BD8: =COUNTIFS(Tracking!AA:AA,A8&C8,Tracking!C:C,"5v5",Tracking!Y:Y,"D",Tracking!AE:AE,"Y") | BE8: =COUNTIFS(Tracking!Z:Z,A8&C8,Tracking!C:C,"5v4") | BF8: =COUNTIFS(Tracking!Z:Z,A8&C8,Tracking!C:C,"5v4",Tracking!Y:Y,"C") | BG8: =COUNTIFS(Tracking!Z:Z,A8&C8,Tracking!C:C,"5v4",Tracking!AB:AB,"Y") | BH8: =COUNTIFS(Tracking!Z:Z,A8&C8,Tracking!C:C,"4v5") | BI8: =COUNTIFS(Tracking!AA:AA,A8&C8,Tracking!C:C,"5v4",Tracking!Y:Y,"D")+COUNTIFS(Tracking!AA:AA,A8&C8,Tracking!C:C,"5v4",Tracking!Y:Y,"F") | BJ8: =COUNTIFS(Tracking!E:E,A8,Tracking!D:D,C8,Tracking!C:C,"5v4") | BK8: =COUNTIFS(Tracking!G:G,A8,Tracking!D:D,C8,Tracking!C:C,"5v4")+COUNTIFS(Tracking!H:H,A8,Tracking!D:D,C8,Tracking!C:C,"5v4")+COUNTIFS(Tracking!I:I,A8,Tracking!D:D,C8,Tracking!C:C,"5v4") | BL8: =COUNTIFS(Tracking!G:G,A8,Tracking!D:D,C8,Tracking!C:C,"5v4") | BM8: =COUNTIFS(Tracking!E:E,A8,Tracking!D:D,C8,Tracking!C:C,"5v4",Tracking!M:M,"Y") | BN8: =COUNTIFS(Tracking!G:G,A8,Tracking!D:D,C8,Tracking!C:C,"5v4",Tracking!M:M,"Y") | BO8: =COUNTIFS(Tracking!G:G,A8,Tracking!D:D,C8,Tracking!J:J,"orrl",Tracking!C:C,"5v4")+COUNTIFS(Tracking!G:G,A8,Tracking!D:D,C8,Tracking!J:J,"orrc",Tracking!C:C,"5v4")+COUNTIFS(Tracking!G:G,A8,Tracking!D:D,C8,Tracking!J:J,"orrr",Tracking!C:C,"5v4") | BP8: =COUNTIFS(Tracking!G:G,A8,Tracking!D:D,C8,Tracking!C:C,"5v4",Tracking!J:J,"opl")+COUNTIFS(Tracking!G:G,A8,Tracking!D:D,C8,Tracking!C:C,"5v4",Tracking!J:J,"opc")+COUNTIFS(Tracking!G:G,A8,Tracking!D:D,C8,Tracking!C:C,"5v4",Tracking!J:J,"opr")+COUNTIFS(Tracking!G:G,A8,Tracking!D:D,C8,Tracking!C:C,"5v4",Tracking!J:J,"oelpl")+COUNTIFS(Tracking!G:G,A8,Tracking!D:D,C8,Tracking!C:C,"5v4",Tracking!J:J,"oelpc")+COUNTIFS(Tracking!G:G,A8,Tracking!D:D,C8,Tracking!C:C,"5v4",Tracking!J:J,"oelpr") | BQ8: =COUNTIFS(Tracking!G:G,A8,Tracking!D:D,C8,Tracking!C:C,"5v4",Tracking!J:J,"oell")+COUNTIFS(Tracking!G:G,A8,Tracking!D:D,C8,Tracking!C:C,"5v4",Tracking!J:J,"oelc")+COUNTIFS(Tracking!G:G,A8,Tracking!D:D,C8,Tracking!C:C,"5v4",Tracking!J:J,"oelr") | BR8: =COUNTIFS(Tracking!E:E,A8,Tracking!D:D,C8,Tracking!C:C,"5v5",Tracking!F:F,"o") | BS8: =COUNTIFS(Tracking!E:E,A8,Tracking!D:D,C8,Tracking!C:C,"5v5",Tracking!F:F,"r") | BT8: =COUNTIFS(Tracking!E:E,A8,Tracking!D:D,C8,Tracking!C:C,"5v5",Tracking!F:F,"t") | BU8: =COUNTIFS(Tracking!G:G,A8,Tracking!D:D,C8,Tracking!C:C,"5v5",Tracking!F:F,"o") | BV8: =COUNTIFS(Tracking!E:E,A7,Tracking!D:D,C8,Tracking!C:C,"5v5",Tracking!F:F,"r") | BW8: =COUNTIFS(Tracking!G:G,A8,Tracking!D:D,C8,Tracking!C:C,"5v5",Tracking!F:F,"T") | BX8: =COUNTIFS(Tracking!E:E,A8,Tracking!D:D,C8,Tracking!C:C,"5v5",Tracking!Q:Q,"OZ") | BY8: =COUNTIFS(Tracking!E:E,A8,Tracking!D:D,C8,Tracking!C:C,"5v5",Tracking!Q:Q,"nZ") | BZ8: =COUNTIFS(Tracking!E:E,A8,Tracking!D:D,C8,Tracking!C:C,"5v5",Tracking!Q:Q,"dZ") | CA8: =COUNTIFS(Tracking!G:G,A8,Tracking!D:D,C8,Tracking!C:C,"5v5",Tracking!Q:Q,"OZ")+COUNTIFS(Tracking!H:H,A8,Tracking!D:D,C8,Tracking!C:C,"5v5",Tracking!Q:Q,"OZ")+COUNTIFS(Tracking!I:I,A8,Tracking!D:D,C8,Tracking!C:C,"5v5",Tracking!Q:Q,"OZ") | CB8: =COUNTIFS(Tracking!G:G,A8,Tracking!D:D,C8,Tracking!C:C,"5v5",Tracking!Q:Q,"nZ")+COUNTIFS(Tracking!H:H,A8,Tracking!D:D,C8,Tracking!C:C,"5v5",Tracking!Q:Q,"nZ")+COUNTIFS(Tracking!I:I,A8,Tracking!D:D,C8,Tracking!C:C,"5v5",Tracking!Q:Q,"nZ") | CC8: =COUNTIFS(Tracking!G:G,A8,Tracking!D:D,C8,Tracking!C:C,"5v5",Tracking!Q:Q,"dZ")+COUNTIFS(Tracking!H:H,A8,Tracking!D:D,C8,Tracking!C:C,"5v5",Tracking!Q:Q,"dZ")+COUNTIFS(Tracking!I:I,A8,Tracking!D:D,C8,Tracking!C:C,"5v5",Tracking!Q:Q,"dZ") | CD8: =COUNTIFS(Tracking!E:E,A8,Tracking!D:D,C8,Tracking!C:C,"5v5",Tracking!R:R,"dz exit") | CE8: =COUNTIFS(Tracking!E:E,A8,Tracking!D:D,C8,Tracking!C:C,"5v5",Tracking!R:R,"dz counter") | CF8: =COUNTIFS(Tracking!E:E,A8,Tracking!D:D,C8,Tracking!C:C,"5v5",Tracking!R:R,"nz turnover") | CG8: =COUNTIFS(Tracking!E:E,A8,Tracking!D:D,C8,Tracking!C:C,"5v5",Tracking!R:R,"nz regroup") | CH8: =COUNTIFS(Tracking!E:E,A8,Tracking!D:D,C8,Tracking!C:C,"5v5",Tracking!R:R,"nz reload") | CI8: =COUNTIFS(Tracking!E:E,A8,Tracking!D:D,C8,Tracking!C:C,"5v5",Tracking!R:R,"controlled breakout") | CJ8: =CK8+CL8+CM8+CN8+CO8+CP8 | CK8: =(0.075*H8)+(0.07*L8)+(0.055*M8)+(0.055*N8)+(0.095*J8)+(0.09*O8)+(0.05*P8)+(0.05*R8)+(0.05*S8)+(0.05*AB8) | CL8: =(0.045*AD8)-(0.045*AE8)+(0.055*AH8)+(0.035*AI8) | CM8: =(0.015*(AY8-AZ8))+(0.035*BA8)-(0.015*BB8)-(0.025*BC8)+(0.015*(AY8-(BD8+BC8))) | CN8: =(0.035*AN8)+(0.025*AS8)-(0.035*AT8)-(0.035*AV8) | CO8: =(0.015*AJ8)+(0.045*AG8) | CP8: =(0.055*BM8)+(0.055*BN8)+(0.035*BO8)+(0.035*BQ8)+(0.055*BH8)+(0.035*BI8)+(0.035*BG8) | CQ8: =CK8+CL8+CM8+CN8+CO8
A9: 6 | B9: Lian Bichsel | C9: DAL | D9: D | E9: 11.083333 | F9: 2025-26 | G9: 3/6/2026 DAL vs. COL | H9: =COUNTIFS(Tracking!E:E,A9,Tracking!D:D,C9,Tracking!C:C,"5v5") | I9: =COUNTIFS(Tracking!E:E,A9,Tracking!D:D,C9,Tracking!N:N,"y",Tracking!C:C,"5v5") | J9: =COUNTIFS(Tracking!E:E,A9,Tracking!D:D,C9,Tracking!M:M,"y",Tracking!C:C,"5v5") | K9: =L9+M9+N9 | L9: =COUNTIFS(Tracking!G:G,A9,Tracking!D:D,C9,Tracking!C:C,"5v5") | M9: =COUNTIFS(Tracking!H:H,A9,Tracking!D:D,C9,Tracking!C:C,"5v5") | N9: =COUNTIFS(Tracking!I:I,A9,Tracking!D:D,C9,Tracking!C:C,"5v5") | O9: =COUNTIFS(Tracking!G:G,A9,Tracking!D:D,C9,Tracking!C:C,"5v5",Tracking!M:M,"y") | P9: =COUNTIFS(Tracking!G:G,A9,Tracking!D:D,C9,Tracking!C:C,"5v5",Tracking!J:J,"orrl")+COUNTIFS(Tracking!G:G,A9,Tracking!D:D,C9,Tracking!C:C,"5v5",Tracking!J:J,"orrc")+COUNTIFS(Tracking!G:G,A9,Tracking!D:D,C9,Tracking!C:C,"5v5",Tracking!J:J,"orrr")+COUNTIFS(Tracking!G:G,A9,Tracking!D:D,C9,Tracking!C:C,"5v5",Tracking!J:J,"oelrrl")+COUNTIFS(Tracking!G:G,A9,Tracking!D:D,C9,Tracking!C:C,"5v5",Tracking!J:J,"oelrrc")+COUNTIFS(Tracking!G:G,A9,Tracking!D:D,C9,Tracking!C:C,"5v5",Tracking!J:J,"oelrrr") | Q9: =COUNTIFS(Tracking!G:G,A9,Tracking!D:D,C9,Tracking!C:C,"5v5",Tracking!J:J,"opl")+COUNTIFS(Tracking!G:G,A9,Tracking!D:D,C9,Tracking!C:C,"5v5",Tracking!J:J,"opc")+COUNTIFS(Tracking!G:G,A9,Tracking!D:D,C9,Tracking!C:C,"5v5",Tracking!J:J,"opr")+COUNTIFS(Tracking!G:G,A9,Tracking!D:D,C9,Tracking!C:C,"5v5",Tracking!J:J,"oelpl")+COUNTIFS(Tracking!G:G,A9,Tracking!D:D,C9,Tracking!C:C,"5v5",Tracking!J:J,"oelpc")+COUNTIFS(Tracking!G:G,A9,Tracking!D:D,C9,Tracking!C:C,"5v5",Tracking!J:J,"oelpr") | R9: =COUNTIFS(Tracking!G:G,A9,Tracking!D:D,C9,Tracking!C:C,"5v5",Tracking!J:J,"oell")+COUNTIFS(Tracking!G:G,A9,Tracking!D:D,C9,Tracking!C:C,"5v5",Tracking!J:J,"oelc")+COUNTIFS(Tracking!G:G,A9,Tracking!D:D,C9,Tracking!C:C,"5v5",Tracking!J:J,"oelr") | S9: =COUNTIFS(Tracking!G:G,A9,Tracking!D:D,C9,Tracking!C:C,"5v5",Tracking!J:J,"oc")+COUNTIFS(Tracking!G:G,A9,Tracking!D:D,C9,Tracking!C:C,"5v5",Tracking!J:J,"orrc")+COUNTIFS(Tracking!G:G,A9,Tracking!D:D,C9,Tracking!C:C,"5v5",Tracking!J:J,"oelc") | T9: =COUNTIFS(Tracking!G:G,A9,Tracking!D:D,C9,Tracking!C:C,"5v5",Tracking!J:J,"nl")+COUNTIFS(Tracking!G:G,A9,Tracking!D:D,C9,Tracking!C:C,"5v5",Tracking!J:J,"nc")+COUNTIFS(Tracking!G:G,A9,Tracking!D:D,C9,Tracking!C:C,"5v5",Tracking!J:J,"nr")+COUNTIFS(Tracking!G:G,A9,Tracking!D:D,C9,Tracking!C:C,"5v5",Tracking!J:J,"nsl")+COUNTIFS(Tracking!G:G,A9,Tracking!D:D,C9,Tracking!C:C,"5v5",Tracking!J:J,"nsc")+COUNTIFS(Tracking!G:G,A9,Tracking!D:D,C9,Tracking!C:C,"5v5",Tracking!J:J,"nsr")+COUNTIFS(Tracking!H:H,A9,Tracking!D:D,C9,Tracking!C:C,"5v5",Tracking!K:K,"nl")+COUNTIFS(Tracking!H:H,A9,Tracking!D:D,C9,Tracking!C:C,"5v5",Tracking!K:K,"nc")+COUNTIFS(Tracking!H:H,A9,Tracking!D:D,C9,Tracking!C:C,"5v5",Tracking!K:K,"nr")+COUNTIFS(Tracking!H:H,A9,Tracking!D:D,C9,Tracking!C:C,"5v5",Tracking!K:K,"nsl")+COUNTIFS(Tracking!H:H,A9,Tracking!D:D,C9,Tracking!C:C,"5v5",Tracking!K:K,"nsc")+COUNTIFS(Tracking!H:H,A9,Tracking!D:D,C9,Tracking!C:C,"5v5",Tracking!K:K,"nsr")+COUNTIFS(Tracking!I:I,A9,Tracking!D:D,C9,Tracking!C:C,"5v5",Tracking!L:L,"nl")+COUNTIFS(Tracking!I:I,A9,Tracking!D:D,C9,Tracking!C:C,"5v5",Tracking!L:L,"nc")+COUNTIFS(Tracking!I:I,A9,Tracking!D:D,C9,Tracking!C:C,"5v5",Tracking!L:L,"nr")+COUNTIFS(Tracking!I:I,A9,Tracking!D:D,C9,Tracking!C:C,"5v5",Tracking!L:L,"nsl")+COUNTIFS(Tracking!I:I,A9,Tracking!D:D,C9,Tracking!C:C,"5v5",Tracking!L:L,"nsc")+COUNTIFS(Tracking!I:I,A9,Tracking!D:D,C9,Tracking!C:C,"5v5",Tracking!L:L,"nsr") | U9: =COUNTIFS(Tracking!G:G,A9,Tracking!D:D,C9,Tracking!C:C,"5v5",Tracking!J:J,"dl")+COUNTIFS(Tracking!G:G,A9,Tracking!D:D,C9,Tracking!C:C,"5v5",Tracking!J:J,"dc")+COUNTIFS(Tracking!G:G,A9,Tracking!D:D,C9,Tracking!C:C,"5v5",Tracking!J:J,"dr")+COUNTIFS(Tracking!G:G,A9,Tracking!D:D,C9,Tracking!C:C,"5v5",Tracking!J:J,"dsl")+COUNTIFS(Tracking!G:G,A9,Tracking!D:D,C9,Tracking!C:C,"5v5",Tracking!J:J,"dsc")+COUNTIFS(Tracking!G:G,A9,Tracking!D:D,C9,Tracking!C:C,"5v5",Tracking!J:J,"dsr")+COUNTIFS(Tracking!H:H,A9,Tracking!D:D,C9,Tracking!C:C,"5v5",Tracking!K:K,"dl")+COUNTIFS(Tracking!H:H,A9,Tracking!D:D,C9,Tracking!C:C,"5v5",Tracking!K:K,"dc")+COUNTIFS(Tracking!H:H,A9,Tracking!D:D,C9,Tracking!C:C,"5v5",Tracking!K:K,"dr")+COUNTIFS(Tracking!H:H,A9,Tracking!D:D,C9,Tracking!C:C,"5v5",Tracking!K:K,"dsl")+COUNTIFS(Tracking!H:H,A9,Tracking!D:D,C9,Tracking!C:C,"5v5",Tracking!K:K,"dsc")+COUNTIFS(Tracking!H:H,A9,Tracking!D:D,C9,Tracking!C:C,"5v5",Tracking!K:K,"dsr")+COUNTIFS(Tracking!I:I,A9,Tracking!D:D,C9,Tracking!C:C,"5v5",Tracking!L:L,"dl")+COUNTIFS(Tracking!I:I,A9,Tracking!D:D,C9,Tracking!C:C,"5v5",Tracking!L:L,"dc")+COUNTIFS(Tracking!I:I,A9,Tracking!D:D,C9,Tracking!C:C,"5v5",Tracking!L:L,"dr")+COUNTIFS(Tracking!I:I,A9,Tracking!D:D,C9,Tracking!C:C,"5v5",Tracking!L:L,"dsl")+COUNTIFS(Tracking!I:I,A9,Tracking!D:D,C9,Tracking!C:C,"5v5",Tracking!L:L,"dsc")+COUNTIFS(Tracking!I:I,A9,Tracking!D:D,C9,Tracking!C:C,"5v5",Tracking!L:L,"dsr") | V9: =COUNTIFS(Tracking!E:E,A9,Tracking!D:D,C9,Tracking!C:C,"5v5",Tracking!P:P,"r") | W9: =COUNTIFS(Tracking!G:G,A9,Tracking!D:D,C9,Tracking!C:C,"5v5",Tracking!P:P,"r")+COUNTIFS(Tracking!H:H,A9,Tracking!D:D,C9,Tracking!C:C,"5v5",Tracking!P:P,"r")+COUNTIFS(Tracking!I:I,A9,Tracking!D:D,C9,Tracking!C:C,"5v5",Tracking!P:P,"r") | X9: =COUNTIFS(Tracking!E:E,A9,Tracking!D:D,C9,Tracking!C:C,"5v5",Tracking!P:P,"f") | Y9: =COUNTIFS(Tracking!G:G,A9,Tracking!D:D,C9,Tracking!C:C,"5v5",Tracking!P:P,"f")+COUNTIFS(Tracking!H:H,A9,Tracking!D:D,C9,Tracking!C:C,"5v5",Tracking!P:P,"f")+COUNTIFS(Tracking!I:I,A9,Tracking!D:D,C9,Tracking!C:C,"5v5",Tracking!P:P,"f") | Z9: =COUNTIFS(Tracking!E:E,A9,Tracking!D:D,C9,Tracking!C:C,"5v5",Tracking!P:P,"c") | AA9: =COUNTIFS(Tracking!G:G,A9,Tracking!D:D,C9,Tracking!C:C,"5v5",Tracking!P:P,"c")+COUNTIFS(Tracking!H:H,A9,Tracking!D:D,C9,Tracking!C:C,"5v5",Tracking!P:P,"f")+COUNTIFS(Tracking!I:I,A9,Tracking!D:D,C9,Tracking!C:C,"5v5",Tracking!P:P,"f") | AB9: =COUNTIFS(Tracking!E:E,A9,Tracking!D:D,C9,Tracking!C:C,"5v5",Tracking!J:J,"orrl")+COUNTIFS(Tracking!E:E,A9,Tracking!D:D,C9,Tracking!C:C,"5v5",Tracking!J:J,"orrc")+COUNTIFS(Tracking!E:E,A9,Tracking!D:D,C9,Tracking!C:C,"5v5",Tracking!J:J,"orrr")+COUNTIFS(Tracking!E:E,A9,Tracking!D:D,C9,Tracking!C:C,"5v5",Tracking!J:J,"oell")+COUNTIFS(Tracking!E:E,A9,Tracking!D:D,C9,Tracking!C:C,"5v5",Tracking!J:J,"oelc")+COUNTIFS(Tracking!E:E,A9,Tracking!D:D,C9,Tracking!C:C,"5v5",Tracking!J:J,"oelr") | AC9: =COUNTIFS(Tracking!Z:Z,A9&C9,Tracking!C:C,"5v5")-AE9 | AD9: =COUNTIFS(Tracking!Z:Z,A9&C9,Tracking!C:C,"5v5",Tracking!Y:Y,"C") | AE9: =COUNTIFS(Tracking!Z:Z,A9&C9,Tracking!C:C,"5v5",Tracking!Y:Y,"F") | AF9: =COUNTIFS(Tracking!Z:Z,A9&C9,Tracking!C:C,"5v5",Tracking!Y:Y,"C",Tracking!AB:AB,"Y") | AG9: =COUNTIFS(Tracking!AD:AD,A9&C9,Tracking!C:C,"5v5") | AH9: =COUNTIFS(Tracking!Z:Z,A9&C9,Tracking!C:C,"5v5",Tracking!Y:Y,"C",Tracking!AE:AE,"Y") | AI9: =COUNTIFS(Tracking!Z:Z,A9&C9,Tracking!C:C,"5v5",Tracking!Y:Y,"D",Tracking!AE:AE,"Y") | AJ9: =COUNTIFS(Tracking!AH:AH,A9&C9) | AK9: =COUNTIFS(Tracking!AI:AI,A9&C9,Tracking!C:C,"5v5")+AL9 | AL9: =COUNTIFS(Tracking!AF:AF,A9&C9,Tracking!C:C,"5v5")-AT9 | AM9: =COUNTIFS(Tracking!AF:AF,A9&C9,Tracking!C:C,"5v5",Tracking!AG:AG,"CLE")+COUNTIFS(Tracking!AF:AF,A9&C9,Tracking!C:C,"5v5",Tracking!AG:AG,"CEX")+COUNTIFS(Tracking!AF:AF,A9&C9,Tracking!C:C,"5v5",Tracking!AG:AG,"PEX")+COUNTIFS(Tracking!AI:AI,A9&C9,Tracking!C:C,"5v5",Tracking!AJ:AJ,"CLE")+COUNTIFS(Tracking!AI:AI,A9&C9,Tracking!C:C,"5v5",Tracking!AJ:AJ,"CEX")+COUNTIFS(Tracking!AI:AI,A9&C9,Tracking!C:C,"5v5",Tracking!AJ:AJ,"PEX") | AN9: =COUNTIFS(Tracking!AF:AF,A9&C9,Tracking!C:C,"5v5",Tracking!AG:AG,"CEX")+COUNTIFS(Tracking!AF:AF,A9&C9,Tracking!C:C,"5v5",Tracking!AG:AG,"PEX")+COUNTIFS(Tracking!AI:AI,A9&C9,Tracking!C:C,"5v5",Tracking!AJ:AJ,"CEX")+COUNTIFS(Tracking!AI:AI,A9&C9,Tracking!C:C,"5v5",Tracking!AJ:AJ,"PEX") | AO9: =COUNTIFS(Tracking!AF:AF,A9&C9,Tracking!C:C,"5v5",Tracking!AG:AG,"CEX")+COUNTIFS(Tracking!AI:AI,A9&C9,Tracking!C:C,"5v5",Tracking!AJ:AJ,"CEX") | AP9: =COUNTIFS(Tracking!AF:AF,A9&C9,Tracking!C:C,"5v5",Tracking!AG:AG,"PEX") | AQ9: =COUNTIFS(Tracking!AF:AF,A9&C9,Tracking!C:C,"5v5",Tracking!AG:AG,"CLE")+COUNTIFS(Tracking!AI:AI,A9&C9,Tracking!C:C,"5v5",Tracking!AJ:AJ,"CLE") | AR9: =COUNTIFS(Tracking!AF:AF,A9&C9,Tracking!C:C,"5v5",Tracking!AG:AG,"MEX") | AS9: =COUNTIFS(Tracking!AF:AF,A9&C9,Tracking!C:C,"5v5",Tracking!AJ:AJ,"CEX")+COUNTIFS(Tracking!AF:AF,A9&C9,Tracking!C:C,"5v5",Tracking!AJ:AJ,"PEX")+COUNTIFS(Tracking!AF:AF,A9&C9,Tracking!C:C,"5v5",Tracking!AJ:AJ,"CLE")+COUNTIFS(Tracking!AF:AF,A9&C9,Tracking!C:C,"5v5",Tracking!AG:AG,"CEX")+COUNTIFS(Tracking!AF:AF,A9&C9,Tracking!C:C,"5v5",Tracking!AG:AG,"PEX") | AT9: =COUNTIFS(Tracking!AF:AF,A9&C9,Tracking!C:C,"5v5",Tracking!AG:AG,"BOT")+COUNTIFS(Tracking!AF:AF,A9&C9,Tracking!C:C,"5v5",Tracking!AG:AG,"FEX") | AU9: =COUNTIFS(Tracking!AF:AF,A9&C9,Tracking!C:C,"5v5",Tracking!AG:AG,"EXC") | AV9: =COUNTIFS(Tracking!AF:AF,A9&C9,Tracking!C:C,"5v5",Tracking!AG:AG,"FEX")+COUNTIFS(Tracking!AI:AI,A9&C9,Tracking!C:C,"5v5",Tracking!AJ:AJ,"FEX") | AW9: =COUNTIFS(Tracking!AF:AF,A9&C9,Tracking!C:C,"5v5",Tracking!AG:AG,"CLE")+COUNTIFS(Tracking!AF:AF,A9&C9,Tracking!C:C,"5v5",Tracking!AG:AG,"CEX")+COUNTIFS(Tracking!AF:AF,A9&C9,Tracking!C:C,"5v5",Tracking!AG:AG,"PEX") | AX9: =COUNTIFS(Tracking!AI:AI,A9&C9,Tracking!C:C,"5v5",Tracking!AJ:AJ,"CLE")+COUNTIFS(Tracking!AI:AI,A9&C9,Tracking!C:C,"5v5",Tracking!AJ:AJ,"CEX")+COUNTIFS(Tracking!AI:AI,A9&C9,Tracking!C:C,"5v5",Tracking!AJ:AJ,"PEX") | AY9: =COUNTIFS(Tracking!AA:AA,A9&C9,Tracking!C:C,"5v5") | AZ9: =COUNTIFS(Tracking!AA:AA,A9&C9,Tracking!C:C,"5v5",Tracking!Y:Y,"C") | BA9: =COUNTIFS(Tracking!AA:AA,A9&C9,Tracking!C:C,"5v5",Tracking!Y:Y,"F") | BB9: =COUNTIFS(Tracking!AA:AA,A9&C9,Tracking!C:C,"5v5",Tracking!AB:AB,"Y") | BC9: =COUNTIFS(Tracking!AA:AA,A9&C9,Tracking!C:C,"5v5",Tracking!Y:Y,"C",Tracking!AE:AE,"Y") | BD9: =COUNTIFS(Tracking!AA:AA,A9&C9,Tracking!C:C,"5v5",Tracking!Y:Y,"D",Tracking!AE:AE,"Y") | BE9: =COUNTIFS(Tracking!Z:Z,A9&C9,Tracking!C:C,"5v4") | BF9: =COUNTIFS(Tracking!Z:Z,A9&C9,Tracking!C:C,"5v4",Tracking!Y:Y,"C") | BG9: =COUNTIFS(Tracking!Z:Z,A9&C9,Tracking!C:C,"5v4",Tracking!AB:AB,"Y") | BH9: =COUNTIFS(Tracking!Z:Z,A9&C9,Tracking!C:C,"4v5") | BI9: =COUNTIFS(Tracking!AA:AA,A9&C9,Tracking!C:C,"5v4",Tracking!Y:Y,"D")+COUNTIFS(Tracking!AA:AA,A9&C9,Tracking!C:C,"5v4",Tracking!Y:Y,"F") | BJ9: =COUNTIFS(Tracking!E:E,A9,Tracking!D:D,C9,Tracking!C:C,"5v4") | BK9: =COUNTIFS(Tracking!G:G,A9,Tracking!D:D,C9,Tracking!C:C,"5v4")+COUNTIFS(Tracking!H:H,A9,Tracking!D:D,C9,Tracking!C:C,"5v4")+COUNTIFS(Tracking!I:I,A9,Tracking!D:D,C9,Tracking!C:C,"5v4") | BL9: =COUNTIFS(Tracking!G:G,A9,Tracking!D:D,C9,Tracking!C:C,"5v4") | BM9: =COUNTIFS(Tracking!E:E,A9,Tracking!D:D,C9,Tracking!C:C,"5v4",Tracking!M:M,"Y") | BN9: =COUNTIFS(Tracking!G:G,A9,Tracking!D:D,C9,Tracking!C:C,"5v4",Tracking!M:M,"Y") | BO9: =COUNTIFS(Tracking!G:G,A9,Tracking!D:D,C9,Tracking!J:J,"orrl",Tracking!C:C,"5v4")+COUNTIFS(Tracking!G:G,A9,Tracking!D:D,C9,Tracking!J:J,"orrc",Tracking!C:C,"5v4")+COUNTIFS(Tracking!G:G,A9,Tracking!D:D,C9,Tracking!J:J,"orrr",Tracking!C:C,"5v4") | BP9: =COUNTIFS(Tracking!G:G,A9,Tracking!D:D,C9,Tracking!C:C,"5v4",Tracking!J:J,"opl")+COUNTIFS(Tracking!G:G,A9,Tracking!D:D,C9,Tracking!C:C,"5v4",Tracking!J:J,"opc")+COUNTIFS(Tracking!G:G,A9,Tracking!D:D,C9,Tracking!C:C,"5v4",Tracking!J:J,"opr")+COUNTIFS(Tracking!G:G,A9,Tracking!D:D,C9,Tracking!C:C,"5v4",Tracking!J:J,"oelpl")+COUNTIFS(Tracking!G:G,A9,Tracking!D:D,C9,Tracking!C:C,"5v4",Tracking!J:J,"oelpc")+COUNTIFS(Tracking!G:G,A9,Tracking!D:D,C9,Tracking!C:C,"5v4",Tracking!J:J,"oelpr") | BQ9: =COUNTIFS(Tracking!G:G,A9,Tracking!D:D,C9,Tracking!C:C,"5v4",Tracking!J:J,"oell")+COUNTIFS(Tracking!G:G,A9,Tracking!D:D,C9,Tracking!C:C,"5v4",Tracking!J:J,"oelc")+COUNTIFS(Tracking!G:G,A9,Tracking!D:D,C9,Tracking!C:C,"5v4",Tracking!J:J,"oelr") | BR9: =COUNTIFS(Tracking!E:E,A9,Tracking!D:D,C9,Tracking!C:C,"5v5",Tracking!F:F,"o") | BS9: =COUNTIFS(Tracking!E:E,A9,Tracking!D:D,C9,Tracking!C:C,"5v5",Tracking!F:F,"r") | BT9: =COUNTIFS(Tracking!E:E,A9,Tracking!D:D,C9,Tracking!C:C,"5v5",Tracking!F:F,"t") | BU9: =COUNTIFS(Tracking!G:G,A9,Tracking!D:D,C9,Tracking!C:C,"5v5",Tracking!F:F,"o") | BV9: =COUNTIFS(Tracking!E:E,A8,Tracking!D:D,C9,Tracking!C:C,"5v5",Tracking!F:F,"r") | BW9: =COUNTIFS(Tracking!G:G,A9,Tracking!D:D,C9,Tracking!C:C,"5v5",Tracking!F:F,"T") | BX9: =COUNTIFS(Tracking!E:E,A9,Tracking!D:D,C9,Tracking!C:C,"5v5",Tracking!Q:Q,"OZ") | BY9: =COUNTIFS(Tracking!E:E,A9,Tracking!D:D,C9,Tracking!C:C,"5v5",Tracking!Q:Q,"nZ") | BZ9: =COUNTIFS(Tracking!E:E,A9,Tracking!D:D,C9,Tracking!C:C,"5v5",Tracking!Q:Q,"dZ") | CA9: =COUNTIFS(Tracking!G:G,A9,Tracking!D:D,C9,Tracking!C:C,"5v5",Tracking!Q:Q,"OZ")+COUNTIFS(Tracking!H:H,A9,Tracking!D:D,C9,Tracking!C:C,"5v5",Tracking!Q:Q,"OZ")+COUNTIFS(Tracking!I:I,A9,Tracking!D:D,C9,Tracking!C:C,"5v5",Tracking!Q:Q,"OZ") | CB9: =COUNTIFS(Tracking!G:G,A9,Tracking!D:D,C9,Tracking!C:C,"5v5",Tracking!Q:Q,"nZ")+COUNTIFS(Tracking!H:H,A9,Tracking!D:D,C9,Tracking!C:C,"5v5",Tracking!Q:Q,"nZ")+COUNTIFS(Tracking!I:I,A9,Tracking!D:D,C9,Tracking!C:C,"5v5",Tracking!Q:Q,"nZ") | CC9: =COUNTIFS(Tracking!G:G,A9,Tracking!D:D,C9,Tracking!C:C,"5v5",Tracking!Q:Q,"dZ")+COUNTIFS(Tracking!H:H,A9,Tracking!D:D,C9,Tracking!C:C,"5v5",Tracking!Q:Q,"dZ")+COUNTIFS(Tracking!I:I,A9,Tracking!D:D,C9,Tracking!C:C,"5v5",Tracking!Q:Q,"dZ") | CD9: =COUNTIFS(Tracking!E:E,A9,Tracking!D:D,C9,Tracking!C:C,"5v5",Tracking!R:R,"dz exit") | CE9: =COUNTIFS(Tracking!E:E,A9,Tracking!D:D,C9,Tracking!C:C,"5v5",Tracking!R:R,"dz counter") | CF9: =COUNTIFS(Tracking!E:E,A9,Tracking!D:D,C9,Tracking!C:C,"5v5",Tracking!R:R,"nz turnover") | CG9: =COUNTIFS(Tracking!E:E,A9,Tracking!D:D,C9,Tracking!C:C,"5v5",Tracking!R:R,"nz regroup") | CH9: =COUNTIFS(Tracking!E:E,A9,Tracking!D:D,C9,Tracking!C:C,"5v5",Tracking!R:R,"nz reload") | CI9: =COUNTIFS(Tracking!E:E,A9,Tracking!D:D,C9,Tracking!C:C,"5v5",Tracking!R:R,"controlled breakout") | CJ9: =CK9+CL9+CM9+CN9+CO9+CP9 | CK9: =(0.075*H9)+(0.07*L9)+(0.055*M9)+(0.055*N9)+(0.095*J9)+(0.09*O9)+(0.05*P9)+(0.05*R9)+(0.05*S9)+(0.05*AB9) | CL9: =(0.045*AD9)-(0.045*AE9)+(0.055*AH9)+(0.035*AI9) | CM9: =(0.015*(AY9-AZ9))+(0.035*BA9)-(0.015*BB9)-(0.025*BC9)+(0.015*(AY9-(BD9+BC9))) | CN9: =(0.035*AN9)+(0.025*AS9)-(0.035*AT9)-(0.035*AV9) | CO9: =(0.015*AJ9)+(0.045*AG9) | CP9: =(0.055*BM9)+(0.055*BN9)+(0.035*BO9)+(0.035*BQ9)+(0.055*BH9)+(0.035*BI9)+(0.035*BG9) | CQ9: =CK9+CL9+CM9+CN9+CO9
A10: 95 | B10: Matt Duchene | C10: DAL | D10: C | E10: 10.983333 | F10: 2025-26 | G10: 3/6/2026 DAL vs. COL | H10: =COUNTIFS(Tracking!E:E,A10,Tracking!D:D,C10,Tracking!C:C,"5v5") | I10: =COUNTIFS(Tracking!E:E,A10,Tracking!D:D,C10,Tracking!N:N,"y",Tracking!C:C,"5v5") | J10: =COUNTIFS(Tracking!E:E,A10,Tracking!D:D,C10,Tracking!M:M,"y",Tracking!C:C,"5v5") | K10: =L10+M10+N10 | L10: =COUNTIFS(Tracking!G:G,A10,Tracking!D:D,C10,Tracking!C:C,"5v5") | M10: =COUNTIFS(Tracking!H:H,A10,Tracking!D:D,C10,Tracking!C:C,"5v5") | N10: =COUNTIFS(Tracking!I:I,A10,Tracking!D:D,C10,Tracking!C:C,"5v5") | O10: =COUNTIFS(Tracking!G:G,A10,Tracking!D:D,C10,Tracking!C:C,"5v5",Tracking!M:M,"y") | P10: =COUNTIFS(Tracking!G:G,A10,Tracking!D:D,C10,Tracking!C:C,"5v5",Tracking!J:J,"orrl")+COUNTIFS(Tracking!G:G,A10,Tracking!D:D,C10,Tracking!C:C,"5v5",Tracking!J:J,"orrc")+COUNTIFS(Tracking!G:G,A10,Tracking!D:D,C10,Tracking!C:C,"5v5",Tracking!J:J,"orrr")+COUNTIFS(Tracking!G:G,A10,Tracking!D:D,C10,Tracking!C:C,"5v5",Tracking!J:J,"oelrrl")+COUNTIFS(Tracking!G:G,A10,Tracking!D:D,C10,Tracking!C:C,"5v5",Tracking!J:J,"oelrrc")+COUNTIFS(Tracking!G:G,A10,Tracking!D:D,C10,Tracking!C:C,"5v5",Tracking!J:J,"oelrrr") | Q10: =COUNTIFS(Tracking!G:G,A10,Tracking!D:D,C10,Tracking!C:C,"5v5",Tracking!J:J,"opl")+COUNTIFS(Tracking!G:G,A10,Tracking!D:D,C10,Tracking!C:C,"5v5",Tracking!J:J,"opc")+COUNTIFS(Tracking!G:G,A10,Tracking!D:D,C10,Tracking!C:C,"5v5",Tracking!J:J,"opr")+COUNTIFS(Tracking!G:G,A10,Tracking!D:D,C10,Tracking!C:C,"5v5",Tracking!J:J,"oelpl")+COUNTIFS(Tracking!G:G,A10,Tracking!D:D,C10,Tracking!C:C,"5v5",Tracking!J:J,"oelpc")+COUNTIFS(Tracking!G:G,A10,Tracking!D:D,C10,Tracking!C:C,"5v5",Tracking!J:J,"oelpr") | R10: =COUNTIFS(Tracking!G:G,A10,Tracking!D:D,C10,Tracking!C:C,"5v5",Tracking!J:J,"oell")+COUNTIFS(Tracking!G:G,A10,Tracking!D:D,C10,Tracking!C:C,"5v5",Tracking!J:J,"oelc")+COUNTIFS(Tracking!G:G,A10,Tracking!D:D,C10,Tracking!C:C,"5v5",Tracking!J:J,"oelr") | S10: =COUNTIFS(Tracking!G:G,A10,Tracking!D:D,C10,Tracking!C:C,"5v5",Tracking!J:J,"oc")+COUNTIFS(Tracking!G:G,A10,Tracking!D:D,C10,Tracking!C:C,"5v5",Tracking!J:J,"orrc")+COUNTIFS(Tracking!G:G,A10,Tracking!D:D,C10,Tracking!C:C,"5v5",Tracking!J:J,"oelc") | T10: =COUNTIFS(Tracking!G:G,A10,Tracking!D:D,C10,Tracking!C:C,"5v5",Tracking!J:J,"nl")+COUNTIFS(Tracking!G:G,A10,Tracking!D:D,C10,Tracking!C:C,"5v5",Tracking!J:J,"nc")+COUNTIFS(Tracking!G:G,A10,Tracking!D:D,C10,Tracking!C:C,"5v5",Tracking!J:J,"nr")+COUNTIFS(Tracking!G:G,A10,Tracking!D:D,C10,Tracking!C:C,"5v5",Tracking!J:J,"nsl")+COUNTIFS(Tracking!G:G,A10,Tracking!D:D,C10,Tracking!C:C,"5v5",Tracking!J:J,"nsc")+COUNTIFS(Tracking!G:G,A10,Tracking!D:D,C10,Tracking!C:C,"5v5",Tracking!J:J,"nsr")+COUNTIFS(Tracking!H:H,A10,Tracking!D:D,C10,Tracking!C:C,"5v5",Tracking!K:K,"nl")+COUNTIFS(Tracking!H:H,A10,Tracking!D:D,C10,Tracking!C:C,"5v5",Tracking!K:K,"nc")+COUNTIFS(Tracking!H:H,A10,Tracking!D:D,C10,Tracking!C:C,"5v5",Tracking!K:K,"nr")+COUNTIFS(Tracking!H:H,A10,Tracking!D:D,C10,Tracking!C:C,"5v5",Tracking!K:K,"nsl")+COUNTIFS(Tracking!H:H,A10,Tracking!D:D,C10,Tracking!C:C,"5v5",Tracking!K:K,"nsc")+COUNTIFS(Tracking!H:H,A10,Tracking!D:D,C10,Tracking!C:C,"5v5",Tracking!K:K,"nsr")+COUNTIFS(Tracking!I:I,A10,Tracking!D:D,C10,Tracking!C:C,"5v5",Tracking!L:L,"nl")+COUNTIFS(Tracking!I:I,A10,Tracking!D:D,C10,Tracking!C:C,"5v5",Tracking!L:L,"nc")+COUNTIFS(Tracking!I:I,A10,Tracking!D:D,C10,Tracking!C:C,"5v5",Tracking!L:L,"nr")+COUNTIFS(Tracking!I:I,A10,Tracking!D:D,C10,Tracking!C:C,"5v5",Tracking!L:L,"nsl")+COUNTIFS(Tracking!I:I,A10,Tracking!D:D,C10,Tracking!C:C,"5v5",Tracking!L:L,"nsc")+COUNTIFS(Tracking!I:I,A10,Tracking!D:D,C10,Tracking!C:C,"5v5",Tracking!L:L,"nsr") | U10: =COUNTIFS(Tracking!G:G,A10,Tracking!D:D,C10,Tracking!C:C,"5v5",Tracking!J:J,"dl")+COUNTIFS(Tracking!G:G,A10,Tracking!D:D,C10,Tracking!C:C,"5v5",Tracking!J:J,"dc")+COUNTIFS(Tracking!G:G,A10,Tracking!D:D,C10,Tracking!C:C,"5v5",Tracking!J:J,"dr")+COUNTIFS(Tracking!G:G,A10,Tracking!D:D,C10,Tracking!C:C,"5v5",Tracking!J:J,"dsl")+COUNTIFS(Tracking!G:G,A10,Tracking!D:D,C10,Tracking!C:C,"5v5",Tracking!J:J,"dsc")+COUNTIFS(Tracking!G:G,A10,Tracking!D:D,C10,Tracking!C:C,"5v5",Tracking!J:J,"dsr")+COUNTIFS(Tracking!H:H,A10,Tracking!D:D,C10,Tracking!C:C,"5v5",Tracking!K:K,"dl")+COUNTIFS(Tracking!H:H,A10,Tracking!D:D,C10,Tracking!C:C,"5v5",Tracking!K:K,"dc")+COUNTIFS(Tracking!H:H,A10,Tracking!D:D,C10,Tracking!C:C,"5v5",Tracking!K:K,"dr")+COUNTIFS(Tracking!H:H,A10,Tracking!D:D,C10,Tracking!C:C,"5v5",Tracking!K:K,"dsl")+COUNTIFS(Tracking!H:H,A10,Tracking!D:D,C10,Tracking!C:C,"5v5",Tracking!K:K,"dsc")+COUNTIFS(Tracking!H:H,A10,Tracking!D:D,C10,Tracking!C:C,"5v5",Tracking!K:K,"dsr")+COUNTIFS(Tracking!I:I,A10,Tracking!D:D,C10,Tracking!C:C,"5v5",Tracking!L:L,"dl")+COUNTIFS(Tracking!I:I,A10,Tracking!D:D,C10,Tracking!C:C,"5v5",Tracking!L:L,"dc")+COUNTIFS(Tracking!I:I,A10,Tracking!D:D,C10,Tracking!C:C,"5v5",Tracking!L:L,"dr")+COUNTIFS(Tracking!I:I,A10,Tracking!D:D,C10,Tracking!C:C,"5v5",Tracking!L:L,"dsl")+COUNTIFS(Tracking!I:I,A10,Tracking!D:D,C10,Tracking!C:C,"5v5",Tracking!L:L,"dsc")+COUNTIFS(Tracking!I:I,A10,Tracking!D:D,C10,Tracking!C:C,"5v5",Tracking!L:L,"dsr") | V10: =COUNTIFS(Tracking!E:E,A10,Tracking!D:D,C10,Tracking!C:C,"5v5",Tracking!P:P,"r") | W10: =COUNTIFS(Tracking!G:G,A10,Tracking!D:D,C10,Tracking!C:C,"5v5",Tracking!P:P,"r")+COUNTIFS(Tracking!H:H,A10,Tracking!D:D,C10,Tracking!C:C,"5v5",Tracking!P:P,"r")+COUNTIFS(Tracking!I:I,A10,Tracking!D:D,C10,Tracking!C:C,"5v5",Tracking!P:P,"r") | X10: =COUNTIFS(Tracking!E:E,A10,Tracking!D:D,C10,Tracking!C:C,"5v5",Tracking!P:P,"f") | Y10: =COUNTIFS(Tracking!G:G,A10,Tracking!D:D,C10,Tracking!C:C,"5v5",Tracking!P:P,"f")+COUNTIFS(Tracking!H:H,A10,Tracking!D:D,C10,Tracking!C:C,"5v5",Tracking!P:P,"f")+COUNTIFS(Tracking!I:I,A10,Tracking!D:D,C10,Tracking!C:C,"5v5",Tracking!P:P,"f") | Z10: =COUNTIFS(Tracking!E:E,A10,Tracking!D:D,C10,Tracking!C:C,"5v5",Tracking!P:P,"c") | AA10: =COUNTIFS(Tracking!G:G,A10,Tracking!D:D,C10,Tracking!C:C,"5v5",Tracking!P:P,"c")+COUNTIFS(Tracking!H:H,A10,Tracking!D:D,C10,Tracking!C:C,"5v5",Tracking!P:P,"f")+COUNTIFS(Tracking!I:I,A10,Tracking!D:D,C10,Tracking!C:C,"5v5",Tracking!P:P,"f") | AB10: =COUNTIFS(Tracking!E:E,A10,Tracking!D:D,C10,Tracking!C:C,"5v5",Tracking!J:J,"orrl")+COUNTIFS(Tracking!E:E,A10,Tracking!D:D,C10,Tracking!C:C,"5v5",Tracking!J:J,"orrc")+COUNTIFS(Tracking!E:E,A10,Tracking!D:D,C10,Tracking!C:C,"5v5",Tracking!J:J,"orrr")+COUNTIFS(Tracking!E:E,A10,Tracking!D:D,C10,Tracking!C:C,"5v5",Tracking!J:J,"oell")+COUNTIFS(Tracking!E:E,A10,Tracking!D:D,C10,Tracking!C:C,"5v5",Tracking!J:J,"oelc")+COUNTIFS(Tracking!E:E,A10,Tracking!D:D,C10,Tracking!C:C,"5v5",Tracking!J:J,"oelr") | AC10: =COUNTIFS(Tracking!Z:Z,A10&C10,Tracking!C:C,"5v5")-AE10 | AD10: =COUNTIFS(Tracking!Z:Z,A10&C10,Tracking!C:C,"5v5",Tracking!Y:Y,"C") | AE10: =COUNTIFS(Tracking!Z:Z,A10&C10,Tracking!C:C,"5v5",Tracking!Y:Y,"F") | AF10: =COUNTIFS(Tracking!Z:Z,A10&C10,Tracking!C:C,"5v5",Tracking!Y:Y,"C",Tracking!AB:AB,"Y") | AG10: =COUNTIFS(Tracking!AD:AD,A10&C10,Tracking!C:C,"5v5") | AH10: =COUNTIFS(Tracking!Z:Z,A10&C10,Tracking!C:C,"5v5",Tracking!Y:Y,"C",Tracking!AE:AE,"Y") | AI10: =COUNTIFS(Tracking!Z:Z,A10&C10,Tracking!C:C,"5v5",Tracking!Y:Y,"D",Tracking!AE:AE,"Y") | AJ10: =COUNTIFS(Tracking!AH:AH,A10&C10) | AK10: =COUNTIFS(Tracking!AI:AI,A10&C10,Tracking!C:C,"5v5")+AL10 | AL10: =COUNTIFS(Tracking!AF:AF,A10&C10,Tracking!C:C,"5v5")-AT10 | AM10: =COUNTIFS(Tracking!AF:AF,A10&C10,Tracking!C:C,"5v5",Tracking!AG:AG,"CLE")+COUNTIFS(Tracking!AF:AF,A10&C10,Tracking!C:C,"5v5",Tracking!AG:AG,"CEX")+COUNTIFS(Tracking!AF:AF,A10&C10,Tracking!C:C,"5v5",Tracking!AG:AG,"PEX")+COUNTIFS(Tracking!AI:AI,A10&C10,Tracking!C:C,"5v5",Tracking!AJ:AJ,"CLE")+COUNTIFS(Tracking!AI:AI,A10&C10,Tracking!C:C,"5v5",Tracking!AJ:AJ,"CEX")+COUNTIFS(Tracking!AI:AI,A10&C10,Tracking!C:C,"5v5",Tracking!AJ:AJ,"PEX") | AN10: =COUNTIFS(Tracking!AF:AF,A10&C10,Tracking!C:C,"5v5",Tracking!AG:AG,"CEX")+COUNTIFS(Tracking!AF:AF,A10&C10,Tracking!C:C,"5v5",Tracking!AG:AG,"PEX")+COUNTIFS(Tracking!AI:AI,A10&C10,Tracking!C:C,"5v5",Tracking!AJ:AJ,"CEX")+COUNTIFS(Tracking!AI:AI,A10&C10,Tracking!C:C,"5v5",Tracking!AJ:AJ,"PEX") | AO10: =COUNTIFS(Tracking!AF:AF,A10&C10,Tracking!C:C,"5v5",Tracking!AG:AG,"CEX")+COUNTIFS(Tracking!AI:AI,A10&C10,Tracking!C:C,"5v5",Tracking!AJ:AJ,"CEX") | AP10: =COUNTIFS(Tracking!AF:AF,A10&C10,Tracking!C:C,"5v5",Tracking!AG:AG,"PEX") | AQ10: =COUNTIFS(Tracking!AF:AF,A10&C10,Tracking!C:C,"5v5",Tracking!AG:AG,"CLE")+COUNTIFS(Tracking!AI:AI,A10&C10,Tracking!C:C,"5v5",Tracking!AJ:AJ,"CLE") | AR10: =COUNTIFS(Tracking!AF:AF,A10&C10,Tracking!C:C,"5v5",Tracking!AG:AG,"MEX") | AS10: =COUNTIFS(Tracking!AF:AF,A10&C10,Tracking!C:C,"5v5",Tracking!AJ:AJ,"CEX")+COUNTIFS(Tracking!AF:AF,A10&C10,Tracking!C:C,"5v5",Tracking!AJ:AJ,"PEX")+COUNTIFS(Tracking!AF:AF,A10&C10,Tracking!C:C,"5v5",Tracking!AJ:AJ,"CLE")+COUNTIFS(Tracking!AF:AF,A10&C10,Tracking!C:C,"5v5",Tracking!AG:AG,"CEX")+COUNTIFS(Tracking!AF:AF,A10&C10,Tracking!C:C,"5v5",Tracking!AG:AG,"PEX") | AT10: =COUNTIFS(Tracking!AF:AF,A10&C10,Tracking!C:C,"5v5",Tracking!AG:AG,"BOT")+COUNTIFS(Tracking!AF:AF,A10&C10,Tracking!C:C,"5v5",Tracking!AG:AG,"FEX") | AU10: =COUNTIFS(Tracking!AF:AF,A10&C10,Tracking!C:C,"5v5",Tracking!AG:AG,"EXC") | AV10: =COUNTIFS(Tracking!AF:AF,A10&C10,Tracking!C:C,"5v5",Tracking!AG:AG,"FEX")+COUNTIFS(Tracking!AI:AI,A10&C10,Tracking!C:C,"5v5",Tracking!AJ:AJ,"FEX") | AW10: =COUNTIFS(Tracking!AF:AF,A10&C10,Tracking!C:C,"5v5",Tracking!AG:AG,"CLE")+COUNTIFS(Tracking!AF:AF,A10&C10,Tracking!C:C,"5v5",Tracking!AG:AG,"CEX")+COUNTIFS(Tracking!AF:AF,A10&C10,Tracking!C:C,"5v5",Tracking!AG:AG,"PEX") | AX10: =COUNTIFS(Tracking!AI:AI,A10&C10,Tracking!C:C,"5v5",Tracking!AJ:AJ,"CLE")+COUNTIFS(Tracking!AI:AI,A10&C10,Tracking!C:C,"5v5",Tracking!AJ:AJ,"CEX")+COUNTIFS(Tracking!AI:AI,A10&C10,Tracking!C:C,"5v5",Tracking!AJ:AJ,"PEX") | AY10: =COUNTIFS(Tracking!AA:AA,A10&C10,Tracking!C:C,"5v5") | AZ10: =COUNTIFS(Tracking!AA:AA,A10&C10,Tracking!C:C,"5v5",Tracking!Y:Y,"C") | BA10: =COUNTIFS(Tracking!AA:AA,A10&C10,Tracking!C:C,"5v5",Tracking!Y:Y,"F") | BB10: =COUNTIFS(Tracking!AA:AA,A10&C10,Tracking!C:C,"5v5",Tracking!AB:AB,"Y") | BC10: =COUNTIFS(Tracking!AA:AA,A10&C10,Tracking!C:C,"5v5",Tracking!Y:Y,"C",Tracking!AE:AE,"Y") | BD10: =COUNTIFS(Tracking!AA:AA,A10&C10,Tracking!C:C,"5v5",Tracking!Y:Y,"D",Tracking!AE:AE,"Y") | BE10: =COUNTIFS(Tracking!Z:Z,A10&C10,Tracking!C:C,"5v4") | BF10: =COUNTIFS(Tracking!Z:Z,A10&C10,Tracking!C:C,"5v4",Tracking!Y:Y,"C") | BG10: =COUNTIFS(Tracking!Z:Z,A10&C10,Tracking!C:C,"5v4",Tracking!AB:AB,"Y") | BH10: =COUNTIFS(Tracking!Z:Z,A10&C10,Tracking!C:C,"4v5") | BI10: =COUNTIFS(Tracking!AA:AA,A10&C10,Tracking!C:C,"5v4",Tracking!Y:Y,"D")+COUNTIFS(Tracking!AA:AA,A10&C10,Tracking!C:C,"5v4",Tracking!Y:Y,"F") | BJ10: =COUNTIFS(Tracking!E:E,A10,Tracking!D:D,C10,Tracking!C:C,"5v4") | BK10: =COUNTIFS(Tracking!G:G,A10,Tracking!D:D,C10,Tracking!C:C,"5v4")+COUNTIFS(Tracking!H:H,A10,Tracking!D:D,C10,Tracking!C:C,"5v4")+COUNTIFS(Tracking!I:I,A10,Tracking!D:D,C10,Tracking!C:C,"5v4") | BL10: =COUNTIFS(Tracking!G:G,A10,Tracking!D:D,C10,Tracking!C:C,"5v4") | BM10: =COUNTIFS(Tracking!E:E,A10,Tracking!D:D,C10,Tracking!C:C,"5v4",Tracking!M:M,"Y") | BN10: =COUNTIFS(Tracking!G:G,A10,Tracking!D:D,C10,Tracking!C:C,"5v4",Tracking!M:M,"Y") | BO10: =COUNTIFS(Tracking!G:G,A10,Tracking!D:D,C10,Tracking!J:J,"orrl",Tracking!C:C,"5v4")+COUNTIFS(Tracking!G:G,A10,Tracking!D:D,C10,Tracking!J:J,"orrc",Tracking!C:C,"5v4")+COUNTIFS(Tracking!G:G,A10,Tracking!D:D,C10,Tracking!J:J,"orrr",Tracking!C:C,"5v4") | BP10: =COUNTIFS(Tracking!G:G,A10,Tracking!D:D,C10,Tracking!C:C,"5v4",Tracking!J:J,"opl")+COUNTIFS(Tracking!G:G,A10,Tracking!D:D,C10,Tracking!C:C,"5v4",Tracking!J:J,"opc")+COUNTIFS(Tracking!G:G,A10,Tracking!D:D,C10,Tracking!C:C,"5v4",Tracking!J:J,"opr")+COUNTIFS(Tracking!G:G,A10,Tracking!D:D,C10,Tracking!C:C,"5v4",Tracking!J:J,"oelpl")+COUNTIFS(Tracking!G:G,A10,Tracking!D:D,C10,Tracking!C:C,"5v4",Tracking!J:J,"oelpc")+COUNTIFS(Tracking!G:G,A10,Tracking!D:D,C10,Tracking!C:C,"5v4",Tracking!J:J,"oelpr") | BQ10: =COUNTIFS(Tracking!G:G,A10,Tracking!D:D,C10,Tracking!C:C,"5v4",Tracking!J:J,"oell")+COUNTIFS(Tracking!G:G,A10,Tracking!D:D,C10,Tracking!C:C,"5v4",Tracking!J:J,"oelc")+COUNTIFS(Tracking!G:G,A10,Tracking!D:D,C10,Tracking!C:C,"5v4",Tracking!J:J,"oelr") | BR10: =COUNTIFS(Tracking!E:E,A10,Tracking!D:D,C10,Tracking!C:C,"5v5",Tracking!F:F,"o") | BS10: =COUNTIFS(Tracking!E:E,A10,Tracking!D:D,C10,Tracking!C:C,"5v5",Tracking!F:F,"r") | BT10: =COUNTIFS(Tracking!E:E,A10,Tracking!D:D,C10,Tracking!C:C,"5v5",Tracking!F:F,"t") | BU10: =COUNTIFS(Tracking!G:G,A10,Tracking!D:D,C10,Tracking!C:C,"5v5",Tracking!F:F,"o") | BV10: =COUNTIFS(Tracking!E:E,A9,Tracking!D:D,C10,Tracking!C:C,"5v5",Tracking!F:F,"r") | BW10: =COUNTIFS(Tracking!G:G,A10,Tracking!D:D,C10,Tracking!C:C,"5v5",Tracking!F:F,"T") | BX10: =COUNTIFS(Tracking!E:E,A10,Tracking!D:D,C10,Tracking!C:C,"5v5",Tracking!Q:Q,"OZ") | BY10: =COUNTIFS(Tracking!E:E,A10,Tracking!D:D,C10,Tracking!C:C,"5v5",Tracking!Q:Q,"nZ") | BZ10: =COUNTIFS(Tracking!E:E,A10,Tracking!D:D,C10,Tracking!C:C,"5v5",Tracking!Q:Q,"dZ") | CA10: =COUNTIFS(Tracking!G:G,A10,Tracking!D:D,C10,Tracking!C:C,"5v5",Tracking!Q:Q,"OZ")+COUNTIFS(Tracking!H:H,A10,Tracking!D:D,C10,Tracking!C:C,"5v5",Tracking!Q:Q,"OZ")+COUNTIFS(Tracking!I:I,A10,Tracking!D:D,C10,Tracking!C:C,"5v5",Tracking!Q:Q,"OZ") | CB10: =COUNTIFS(Tracking!G:G,A10,Tracking!D:D,C10,Tracking!C:C,"5v5",Tracking!Q:Q,"nZ")+COUNTIFS(Tracking!H:H,A10,Tracking!D:D,C10,Tracking!C:C,"5v5",Tracking!Q:Q,"nZ")+COUNTIFS(Tracking!I:I,A10,Tracking!D:D,C10,Tracking!C:C,"5v5",Tracking!Q:Q,"nZ") | CC10: =COUNTIFS(Tracking!G:G,A10,Tracking!D:D,C10,Tracking!C:C,"5v5",Tracking!Q:Q,"dZ")+COUNTIFS(Tracking!H:H,A10,Tracking!D:D,C10,Tracking!C:C,"5v5",Tracking!Q:Q,"dZ")+COUNTIFS(Tracking!I:I,A10,Tracking!D:D,C10,Tracking!C:C,"5v5",Tracking!Q:Q,"dZ") | CD10: =COUNTIFS(Tracking!E:E,A10,Tracking!D:D,C10,Tracking!C:C,"5v5",Tracking!R:R,"dz exit") | CE10: =COUNTIFS(Tracking!E:E,A10,Tracking!D:D,C10,Tracking!C:C,"5v5",Tracking!R:R,"dz counter") | CF10: =COUNTIFS(Tracking!E:E,A10,Tracking!D:D,C10,Tracking!C:C,"5v5",Tracking!R:R,"nz turnover") | CG10: =COUNTIFS(Tracking!E:E,A10,Tracking!D:D,C10,Tracking!C:C,"5v5",Tracking!R:R,"nz regroup") | CH10: =COUNTIFS(Tracking!E:E,A10,Tracking!D:D,C10,Tracking!C:C,"5v5",Tracking!R:R,"nz reload") | CI10: =COUNTIFS(Tracking!E:E,A10,Tracking!D:D,C10,Tracking!C:C,"5v5",Tracking!R:R,"controlled breakout") | CJ10: =CK10+CL10+CM10+CN10+CO10+CP10 | CK10: =(0.075*H10)+(0.07*L10)+(0.055*M10)+(0.055*N10)+(0.095*J10)+(0.09*O10)+(0.05*P10)+(0.05*R10)+(0.05*S10)+(0.05*AB10) | CL10: =(0.045*AD10)-(0.045*AE10)+(0.055*AH10)+(0.035*AI10) | CM10: =(0.015*(AY10-AZ10))+(0.035*BA10)-(0.015*BB10)-(0.025*BC10)+(0.015*(AY10-(BD10+BC10))) | CN10: =(0.035*AN10)+(0.025*AS10)-(0.035*AT10)-(0.035*AV10) | CO10: =(0.015*AJ10)+(0.045*AG10) | CP10: =(0.055*BM10)+(0.055*BN10)+(0.035*BO10)+(0.035*BQ10)+(0.055*BH10)+(0.035*BI10)+(0.035*BG10) | CQ10: =CK10+CL10+CM10+CN10+CO10
A11: 22 | B11: Mavrik Bourque | C11: DAL | D11: C | E11: 13.683333 | F11: 2025-26 | G11: 3/6/2026 DAL vs. COL | H11: =COUNTIFS(Tracking!E:E,A11,Tracking!D:D,C11,Tracking!C:C,"5v5") | I11: =COUNTIFS(Tracking!E:E,A11,Tracking!D:D,C11,Tracking!N:N,"y",Tracking!C:C,"5v5") | J11: =COUNTIFS(Tracking!E:E,A11,Tracking!D:D,C11,Tracking!M:M,"y",Tracking!C:C,"5v5") | K11: =L11+M11+N11 | L11: =COUNTIFS(Tracking!G:G,A11,Tracking!D:D,C11,Tracking!C:C,"5v5") | M11: =COUNTIFS(Tracking!H:H,A11,Tracking!D:D,C11,Tracking!C:C,"5v5") | N11: =COUNTIFS(Tracking!I:I,A11,Tracking!D:D,C11,Tracking!C:C,"5v5") | O11: =COUNTIFS(Tracking!G:G,A11,Tracking!D:D,C11,Tracking!C:C,"5v5",Tracking!M:M,"y") | P11: =COUNTIFS(Tracking!G:G,A11,Tracking!D:D,C11,Tracking!C:C,"5v5",Tracking!J:J,"orrl")+COUNTIFS(Tracking!G:G,A11,Tracking!D:D,C11,Tracking!C:C,"5v5",Tracking!J:J,"orrc")+COUNTIFS(Tracking!G:G,A11,Tracking!D:D,C11,Tracking!C:C,"5v5",Tracking!J:J,"orrr")+COUNTIFS(Tracking!G:G,A11,Tracking!D:D,C11,Tracking!C:C,"5v5",Tracking!J:J,"oelrrl")+COUNTIFS(Tracking!G:G,A11,Tracking!D:D,C11,Tracking!C:C,"5v5",Tracking!J:J,"oelrrc")+COUNTIFS(Tracking!G:G,A11,Tracking!D:D,C11,Tracking!C:C,"5v5",Tracking!J:J,"oelrrr") | Q11: =COUNTIFS(Tracking!G:G,A11,Tracking!D:D,C11,Tracking!C:C,"5v5",Tracking!J:J,"opl")+COUNTIFS(Tracking!G:G,A11,Tracking!D:D,C11,Tracking!C:C,"5v5",Tracking!J:J,"opc")+COUNTIFS(Tracking!G:G,A11,Tracking!D:D,C11,Tracking!C:C,"5v5",Tracking!J:J,"opr")+COUNTIFS(Tracking!G:G,A11,Tracking!D:D,C11,Tracking!C:C,"5v5",Tracking!J:J,"oelpl")+COUNTIFS(Tracking!G:G,A11,Tracking!D:D,C11,Tracking!C:C,"5v5",Tracking!J:J,"oelpc")+COUNTIFS(Tracking!G:G,A11,Tracking!D:D,C11,Tracking!C:C,"5v5",Tracking!J:J,"oelpr") | R11: =COUNTIFS(Tracking!G:G,A11,Tracking!D:D,C11,Tracking!C:C,"5v5",Tracking!J:J,"oell")+COUNTIFS(Tracking!G:G,A11,Tracking!D:D,C11,Tracking!C:C,"5v5",Tracking!J:J,"oelc")+COUNTIFS(Tracking!G:G,A11,Tracking!D:D,C11,Tracking!C:C,"5v5",Tracking!J:J,"oelr") | S11: =COUNTIFS(Tracking!G:G,A11,Tracking!D:D,C11,Tracking!C:C,"5v5",Tracking!J:J,"oc")+COUNTIFS(Tracking!G:G,A11,Tracking!D:D,C11,Tracking!C:C,"5v5",Tracking!J:J,"orrc")+COUNTIFS(Tracking!G:G,A11,Tracking!D:D,C11,Tracking!C:C,"5v5",Tracking!J:J,"oelc") | T11: =COUNTIFS(Tracking!G:G,A11,Tracking!D:D,C11,Tracking!C:C,"5v5",Tracking!J:J,"nl")+COUNTIFS(Tracking!G:G,A11,Tracking!D:D,C11,Tracking!C:C,"5v5",Tracking!J:J,"nc")+COUNTIFS(Tracking!G:G,A11,Tracking!D:D,C11,Tracking!C:C,"5v5",Tracking!J:J,"nr")+COUNTIFS(Tracking!G:G,A11,Tracking!D:D,C11,Tracking!C:C,"5v5",Tracking!J:J,"nsl")+COUNTIFS(Tracking!G:G,A11,Tracking!D:D,C11,Tracking!C:C,"5v5",Tracking!J:J,"nsc")+COUNTIFS(Tracking!G:G,A11,Tracking!D:D,C11,Tracking!C:C,"5v5",Tracking!J:J,"nsr")+COUNTIFS(Tracking!H:H,A11,Tracking!D:D,C11,Tracking!C:C,"5v5",Tracking!K:K,"nl")+COUNTIFS(Tracking!H:H,A11,Tracking!D:D,C11,Tracking!C:C,"5v5",Tracking!K:K,"nc")+COUNTIFS(Tracking!H:H,A11,Tracking!D:D,C11,Tracking!C:C,"5v5",Tracking!K:K,"nr")+COUNTIFS(Tracking!H:H,A11,Tracking!D:D,C11,Tracking!C:C,"5v5",Tracking!K:K,"nsl")+COUNTIFS(Tracking!H:H,A11,Tracking!D:D,C11,Tracking!C:C,"5v5",Tracking!K:K,"nsc")+COUNTIFS(Tracking!H:H,A11,Tracking!D:D,C11,Tracking!C:C,"5v5",Tracking!K:K,"nsr")+COUNTIFS(Tracking!I:I,A11,Tracking!D:D,C11,Tracking!C:C,"5v5",Tracking!L:L,"nl")+COUNTIFS(Tracking!I:I,A11,Tracking!D:D,C11,Tracking!C:C,"5v5",Tracking!L:L,"nc")+COUNTIFS(Tracking!I:I,A11,Tracking!D:D,C11,Tracking!C:C,"5v5",Tracking!L:L,"nr")+COUNTIFS(Tracking!I:I,A11,Tracking!D:D,C11,Tracking!C:C,"5v5",Tracking!L:L,"nsl")+COUNTIFS(Tracking!I:I,A11,Tracking!D:D,C11,Tracking!C:C,"5v5",Tracking!L:L,"nsc")+COUNTIFS(Tracking!I:I,A11,Tracking!D:D,C11,Tracking!C:C,"5v5",Tracking!L:L,"nsr") | U11: =COUNTIFS(Tracking!G:G,A11,Tracking!D:D,C11,Tracking!C:C,"5v5",Tracking!J:J,"dl")+COUNTIFS(Tracking!G:G,A11,Tracking!D:D,C11,Tracking!C:C,"5v5",Tracking!J:J,"dc")+COUNTIFS(Tracking!G:G,A11,Tracking!D:D,C11,Tracking!C:C,"5v5",Tracking!J:J,"dr")+COUNTIFS(Tracking!G:G,A11,Tracking!D:D,C11,Tracking!C:C,"5v5",Tracking!J:J,"dsl")+COUNTIFS(Tracking!G:G,A11,Tracking!D:D,C11,Tracking!C:C,"5v5",Tracking!J:J,"dsc")+COUNTIFS(Tracking!G:G,A11,Tracking!D:D,C11,Tracking!C:C,"5v5",Tracking!J:J,"dsr")+COUNTIFS(Tracking!H:H,A11,Tracking!D:D,C11,Tracking!C:C,"5v5",Tracking!K:K,"dl")+COUNTIFS(Tracking!H:H,A11,Tracking!D:D,C11,Tracking!C:C,"5v5",Tracking!K:K,"dc")+COUNTIFS(Tracking!H:H,A11,Tracking!D:D,C11,Tracking!C:C,"5v5",Tracking!K:K,"dr")+COUNTIFS(Tracking!H:H,A11,Tracking!D:D,C11,Tracking!C:C,"5v5",Tracking!K:K,"dsl")+COUNTIFS(Tracking!H:H,A11,Tracking!D:D,C11,Tracking!C:C,"5v5",Tracking!K:K,"dsc")+COUNTIFS(Tracking!H:H,A11,Tracking!D:D,C11,Tracking!C:C,"5v5",Tracking!K:K,"dsr")+COUNTIFS(Tracking!I:I,A11,Tracking!D:D,C11,Tracking!C:C,"5v5",Tracking!L:L,"dl")+COUNTIFS(Tracking!I:I,A11,Tracking!D:D,C11,Tracking!C:C,"5v5",Tracking!L:L,"dc")+COUNTIFS(Tracking!I:I,A11,Tracking!D:D,C11,Tracking!C:C,"5v5",Tracking!L:L,"dr")+COUNTIFS(Tracking!I:I,A11,Tracking!D:D,C11,Tracking!C:C,"5v5",Tracking!L:L,"dsl")+COUNTIFS(Tracking!I:I,A11,Tracking!D:D,C11,Tracking!C:C,"5v5",Tracking!L:L,"dsc")+COUNTIFS(Tracking!I:I,A11,Tracking!D:D,C11,Tracking!C:C,"5v5",Tracking!L:L,"dsr") | V11: =COUNTIFS(Tracking!E:E,A11,Tracking!D:D,C11,Tracking!C:C,"5v5",Tracking!P:P,"r") | W11: =COUNTIFS(Tracking!G:G,A11,Tracking!D:D,C11,Tracking!C:C,"5v5",Tracking!P:P,"r")+COUNTIFS(Tracking!H:H,A11,Tracking!D:D,C11,Tracking!C:C,"5v5",Tracking!P:P,"r")+COUNTIFS(Tracking!I:I,A11,Tracking!D:D,C11,Tracking!C:C,"5v5",Tracking!P:P,"r") | X11: =COUNTIFS(Tracking!E:E,A11,Tracking!D:D,C11,Tracking!C:C,"5v5",Tracking!P:P,"f") | Y11: =COUNTIFS(Tracking!G:G,A11,Tracking!D:D,C11,Tracking!C:C,"5v5",Tracking!P:P,"f")+COUNTIFS(Tracking!H:H,A11,Tracking!D:D,C11,Tracking!C:C,"5v5",Tracking!P:P,"f")+COUNTIFS(Tracking!I:I,A11,Tracking!D:D,C11,Tracking!C:C,"5v5",Tracking!P:P,"f") | Z11: =COUNTIFS(Tracking!E:E,A11,Tracking!D:D,C11,Tracking!C:C,"5v5",Tracking!P:P,"c") | AA11: =COUNTIFS(Tracking!G:G,A11,Tracking!D:D,C11,Tracking!C:C,"5v5",Tracking!P:P,"c")+COUNTIFS(Tracking!H:H,A11,Tracking!D:D,C11,Tracking!C:C,"5v5",Tracking!P:P,"f")+COUNTIFS(Tracking!I:I,A11,Tracking!D:D,C11,Tracking!C:C,"5v5",Tracking!P:P,"f") | AB11: =COUNTIFS(Tracking!E:E,A11,Tracking!D:D,C11,Tracking!C:C,"5v5",Tracking!J:J,"orrl")+COUNTIFS(Tracking!E:E,A11,Tracking!D:D,C11,Tracking!C:C,"5v5",Tracking!J:J,"orrc")+COUNTIFS(Tracking!E:E,A11,Tracking!D:D,C11,Tracking!C:C,"5v5",Tracking!J:J,"orrr")+COUNTIFS(Tracking!E:E,A11,Tracking!D:D,C11,Tracking!C:C,"5v5",Tracking!J:J,"oell")+COUNTIFS(Tracking!E:E,A11,Tracking!D:D,C11,Tracking!C:C,"5v5",Tracking!J:J,"oelc")+COUNTIFS(Tracking!E:E,A11,Tracking!D:D,C11,Tracking!C:C,"5v5",Tracking!J:J,"oelr") | AC11: =COUNTIFS(Tracking!Z:Z,A11&C11,Tracking!C:C,"5v5")-AE11 | AD11: =COUNTIFS(Tracking!Z:Z,A11&C11,Tracking!C:C,"5v5",Tracking!Y:Y,"C") | AE11: =COUNTIFS(Tracking!Z:Z,A11&C11,Tracking!C:C,"5v5",Tracking!Y:Y,"F") | AF11: =COUNTIFS(Tracking!Z:Z,A11&C11,Tracking!C:C,"5v5",Tracking!Y:Y,"C",Tracking!AB:AB,"Y") | AG11: =COUNTIFS(Tracking!AD:AD,A11&C11,Tracking!C:C,"5v5") | AH11: =COUNTIFS(Tracking!Z:Z,A11&C11,Tracking!C:C,"5v5",Tracking!Y:Y,"C",Tracking!AE:AE,"Y") | AI11: =COUNTIFS(Tracking!Z:Z,A11&C11,Tracking!C:C,"5v5",Tracking!Y:Y,"D",Tracking!AE:AE,"Y") | AJ11: =COUNTIFS(Tracking!AH:AH,A11&C11) | AK11: =COUNTIFS(Tracking!AI:AI,A11&C11,Tracking!C:C,"5v5")+AL11 | AL11: =COUNTIFS(Tracking!AF:AF,A11&C11,Tracking!C:C,"5v5")-AT11 | AM11: =COUNTIFS(Tracking!AF:AF,A11&C11,Tracking!C:C,"5v5",Tracking!AG:AG,"CLE")+COUNTIFS(Tracking!AF:AF,A11&C11,Tracking!C:C,"5v5",Tracking!AG:AG,"CEX")+COUNTIFS(Tracking!AF:AF,A11&C11,Tracking!C:C,"5v5",Tracking!AG:AG,"PEX")+COUNTIFS(Tracking!AI:AI,A11&C11,Tracking!C:C,"5v5",Tracking!AJ:AJ,"CLE")+COUNTIFS(Tracking!AI:AI,A11&C11,Tracking!C:C,"5v5",Tracking!AJ:AJ,"CEX")+COUNTIFS(Tracking!AI:AI,A11&C11,Tracking!C:C,"5v5",Tracking!AJ:AJ,"PEX") | AN11: =COUNTIFS(Tracking!AF:AF,A11&C11,Tracking!C:C,"5v5",Tracking!AG:AG,"CEX")+COUNTIFS(Tracking!AF:AF,A11&C11,Tracking!C:C,"5v5",Tracking!AG:AG,"PEX")+COUNTIFS(Tracking!AI:AI,A11&C11,Tracking!C:C,"5v5",Tracking!AJ:AJ,"CEX")+COUNTIFS(Tracking!AI:AI,A11&C11,Tracking!C:C,"5v5",Tracking!AJ:AJ,"PEX") | AO11: =COUNTIFS(Tracking!AF:AF,A11&C11,Tracking!C:C,"5v5",Tracking!AG:AG,"CEX")+COUNTIFS(Tracking!AI:AI,A11&C11,Tracking!C:C,"5v5",Tracking!AJ:AJ,"CEX") | AP11: =COUNTIFS(Tracking!AF:AF,A11&C11,Tracking!C:C,"5v5",Tracking!AG:AG,"PEX") | AQ11: =COUNTIFS(Tracking!AF:AF,A11&C11,Tracking!C:C,"5v5",Tracking!AG:AG,"CLE")+COUNTIFS(Tracking!AI:AI,A11&C11,Tracking!C:C,"5v5",Tracking!AJ:AJ,"CLE") | AR11: =COUNTIFS(Tracking!AF:AF,A11&C11,Tracking!C:C,"5v5",Tracking!AG:AG,"MEX") | AS11: =COUNTIFS(Tracking!AF:AF,A11&C11,Tracking!C:C,"5v5",Tracking!AJ:AJ,"CEX")+COUNTIFS(Tracking!AF:AF,A11&C11,Tracking!C:C,"5v5",Tracking!AJ:AJ,"PEX")+COUNTIFS(Tracking!AF:AF,A11&C11,Tracking!C:C,"5v5",Tracking!AJ:AJ,"CLE")+COUNTIFS(Tracking!AF:AF,A11&C11,Tracking!C:C,"5v5",Tracking!AG:AG,"CEX")+COUNTIFS(Tracking!AF:AF,A11&C11,Tracking!C:C,"5v5",Tracking!AG:AG,"PEX") | AT11: =COUNTIFS(Tracking!AF:AF,A11&C11,Tracking!C:C,"5v5",Tracking!AG:AG,"BOT")+COUNTIFS(Tracking!AF:AF,A11&C11,Tracking!C:C,"5v5",Tracking!AG:AG,"FEX") | AU11: =COUNTIFS(Tracking!AF:AF,A11&C11,Tracking!C:C,"5v5",Tracking!AG:AG,"EXC") | AV11: =COUNTIFS(Tracking!AF:AF,A11&C11,Tracking!C:C,"5v5",Tracking!AG:AG,"FEX")+COUNTIFS(Tracking!AI:AI,A11&C11,Tracking!C:C,"5v5",Tracking!AJ:AJ,"FEX") | AW11: =COUNTIFS(Tracking!AF:AF,A11&C11,Tracking!C:C,"5v5",Tracking!AG:AG,"CLE")+COUNTIFS(Tracking!AF:AF,A11&C11,Tracking!C:C,"5v5",Tracking!AG:AG,"CEX")+COUNTIFS(Tracking!AF:AF,A11&C11,Tracking!C:C,"5v5",Tracking!AG:AG,"PEX") | AX11: =COUNTIFS(Tracking!AI:AI,A11&C11,Tracking!C:C,"5v5",Tracking!AJ:AJ,"CLE")+COUNTIFS(Tracking!AI:AI,A11&C11,Tracking!C:C,"5v5",Tracking!AJ:AJ,"CEX")+COUNTIFS(Tracking!AI:AI,A11&C11,Tracking!C:C,"5v5",Tracking!AJ:AJ,"PEX") | AY11: =COUNTIFS(Tracking!AA:AA,A11&C11,Tracking!C:C,"5v5") | AZ11: =COUNTIFS(Tracking!AA:AA,A11&C11,Tracking!C:C,"5v5",Tracking!Y:Y,"C") | BA11: =COUNTIFS(Tracking!AA:AA,A11&C11,Tracking!C:C,"5v5",Tracking!Y:Y,"F") | BB11: =COUNTIFS(Tracking!AA:AA,A11&C11,Tracking!C:C,"5v5",Tracking!AB:AB,"Y") | BC11: =COUNTIFS(Tracking!AA:AA,A11&C11,Tracking!C:C,"5v5",Tracking!Y:Y,"C",Tracking!AE:AE,"Y") | BD11: =COUNTIFS(Tracking!AA:AA,A11&C11,Tracking!C:C,"5v5",Tracking!Y:Y,"D",Tracking!AE:AE,"Y") | BE11: =COUNTIFS(Tracking!Z:Z,A11&C11,Tracking!C:C,"5v4") | BF11: =COUNTIFS(Tracking!Z:Z,A11&C11,Tracking!C:C,"5v4",Tracking!Y:Y,"C") | BG11: =COUNTIFS(Tracking!Z:Z,A11&C11,Tracking!C:C,"5v4",Tracking!AB:AB,"Y") | BH11: =COUNTIFS(Tracking!Z:Z,A11&C11,Tracking!C:C,"4v5") | BI11: =COUNTIFS(Tracking!AA:AA,A11&C11,Tracking!C:C,"5v4",Tracking!Y:Y,"D")+COUNTIFS(Tracking!AA:AA,A11&C11,Tracking!C:C,"5v4",Tracking!Y:Y,"F") | BJ11: =COUNTIFS(Tracking!E:E,A11,Tracking!D:D,C11,Tracking!C:C,"5v4") | BK11: =COUNTIFS(Tracking!G:G,A11,Tracking!D:D,C11,Tracking!C:C,"5v4")+COUNTIFS(Tracking!H:H,A11,Tracking!D:D,C11,Tracking!C:C,"5v4")+COUNTIFS(Tracking!I:I,A11,Tracking!D:D,C11,Tracking!C:C,"5v4") | BL11: =COUNTIFS(Tracking!G:G,A11,Tracking!D:D,C11,Tracking!C:C,"5v4") | BM11: =COUNTIFS(Tracking!E:E,A11,Tracking!D:D,C11,Tracking!C:C,"5v4",Tracking!M:M,"Y") | BN11: =COUNTIFS(Tracking!G:G,A11,Tracking!D:D,C11,Tracking!C:C,"5v4",Tracking!M:M,"Y") | BO11: =COUNTIFS(Tracking!G:G,A11,Tracking!D:D,C11,Tracking!J:J,"orrl",Tracking!C:C,"5v4")+COUNTIFS(Tracking!G:G,A11,Tracking!D:D,C11,Tracking!J:J,"orrc",Tracking!C:C,"5v4")+COUNTIFS(Tracking!G:G,A11,Tracking!D:D,C11,Tracking!J:J,"orrr",Tracking!C:C,"5v4") | BP11: =COUNTIFS(Tracking!G:G,A11,Tracking!D:D,C11,Tracking!C:C,"5v4",Tracking!J:J,"opl")+COUNTIFS(Tracking!G:G,A11,Tracking!D:D,C11,Tracking!C:C,"5v4",Tracking!J:J,"opc")+COUNTIFS(Tracking!G:G,A11,Tracking!D:D,C11,Tracking!C:C,"5v4",Tracking!J:J,"opr")+COUNTIFS(Tracking!G:G,A11,Tracking!D:D,C11,Tracking!C:C,"5v4",Tracking!J:J,"oelpl")+COUNTIFS(Tracking!G:G,A11,Tracking!D:D,C11,Tracking!C:C,"5v4",Tracking!J:J,"oelpc")+COUNTIFS(Tracking!G:G,A11,Tracking!D:D,C11,Tracking!C:C,"5v4",Tracking!J:J,"oelpr") | BQ11: =COUNTIFS(Tracking!G:G,A11,Tracking!D:D,C11,Tracking!C:C,"5v4",Tracking!J:J,"oell")+COUNTIFS(Tracking!G:G,A11,Tracking!D:D,C11,Tracking!C:C,"5v4",Tracking!J:J,"oelc")+COUNTIFS(Tracking!G:G,A11,Tracking!D:D,C11,Tracking!C:C,"5v4",Tracking!J:J,"oelr") | BR11: =COUNTIFS(Tracking!E:E,A11,Tracking!D:D,C11,Tracking!C:C,"5v5",Tracking!F:F,"o") | BS11: =COUNTIFS(Tracking!E:E,A11,Tracking!D:D,C11,Tracking!C:C,"5v5",Tracking!F:F,"r") | BT11: =COUNTIFS(Tracking!E:E,A11,Tracking!D:D,C11,Tracking!C:C,"5v5",Tracking!F:F,"t") | BU11: =COUNTIFS(Tracking!G:G,A11,Tracking!D:D,C11,Tracking!C:C,"5v5",Tracking!F:F,"o") | BV11: =COUNTIFS(Tracking!E:E,A10,Tracking!D:D,C11,Tracking!C:C,"5v5",Tracking!F:F,"r") | BW11: =COUNTIFS(Tracking!G:G,A11,Tracking!D:D,C11,Tracking!C:C,"5v5",Tracking!F:F,"T") | BX11: =COUNTIFS(Tracking!E:E,A11,Tracking!D:D,C11,Tracking!C:C,"5v5",Tracking!Q:Q,"OZ") | BY11: =COUNTIFS(Tracking!E:E,A11,Tracking!D:D,C11,Tracking!C:C,"5v5",Tracking!Q:Q,"nZ") | BZ11: =COUNTIFS(Tracking!E:E,A11,Tracking!D:D,C11,Tracking!C:C,"5v5",Tracking!Q:Q,"dZ") | CA11: =COUNTIFS(Tracking!G:G,A11,Tracking!D:D,C11,Tracking!C:C,"5v5",Tracking!Q:Q,"OZ")+COUNTIFS(Tracking!H:H,A11,Tracking!D:D,C11,Tracking!C:C,"5v5",Tracking!Q:Q,"OZ")+COUNTIFS(Tracking!I:I,A11,Tracking!D:D,C11,Tracking!C:C,"5v5",Tracking!Q:Q,"OZ") | CB11: =COUNTIFS(Tracking!G:G,A11,Tracking!D:D,C11,Tracking!C:C,"5v5",Tracking!Q:Q,"nZ")+COUNTIFS(Tracking!H:H,A11,Tracking!D:D,C11,Tracking!C:C,"5v5",Tracking!Q:Q,"nZ")+COUNTIFS(Tracking!I:I,A11,Tracking!D:D,C11,Tracking!C:C,"5v5",Tracking!Q:Q,"nZ") | CC11: =COUNTIFS(Tracking!G:G,A11,Tracking!D:D,C11,Tracking!C:C,"5v5",Tracking!Q:Q,"dZ")+COUNTIFS(Tracking!H:H,A11,Tracking!D:D,C11,Tracking!C:C,"5v5",Tracking!Q:Q,"dZ")+COUNTIFS(Tracking!I:I,A11,Tracking!D:D,C11,Tracking!C:C,"5v5",Tracking!Q:Q,"dZ") | CD11: =COUNTIFS(Tracking!E:E,A11,Tracking!D:D,C11,Tracking!C:C,"5v5",Tracking!R:R,"dz exit") | CE11: =COUNTIFS(Tracking!E:E,A11,Tracking!D:D,C11,Tracking!C:C,"5v5",Tracking!R:R,"dz counter") | CF11: =COUNTIFS(Tracking!E:E,A11,Tracking!D:D,C11,Tracking!C:C,"5v5",Tracking!R:R,"nz turnover") | CG11: =COUNTIFS(Tracking!E:E,A11,Tracking!D:D,C11,Tracking!C:C,"5v5",Tracking!R:R,"nz regroup") | CH11: =COUNTIFS(Tracking!E:E,A11,Tracking!D:D,C11,Tracking!C:C,"5v5",Tracking!R:R,"nz reload") | CI11: =COUNTIFS(Tracking!E:E,A11,Tracking!D:D,C11,Tracking!C:C,"5v5",Tracking!R:R,"controlled breakout") | CJ11: =CK11+CL11+CM11+CN11+CO11+CP11 | CK11: =(0.075*H11)+(0.07*L11)+(0.055*M11)+(0.055*N11)+(0.095*J11)+(0.09*O11)+(0.05*P11)+(0.05*R11)+(0.05*S11)+(0.05*AB11) | CL11: =(0.045*AD11)-(0.045*AE11)+(0.055*AH11)+(0.035*AI11) | CM11: =(0.015*(AY11-AZ11))+(0.035*BA11)-(0.015*BB11)-(0.025*BC11)+(0.015*(AY11-(BD11+BC11))) | CN11: =(0.035*AN11)+(0.025*AS11)-(0.035*AT11)-(0.035*AV11) | CO11: =(0.015*AJ11)+(0.045*AG11) | CP11: =(0.055*BM11)+(0.055*BN11)+(0.035*BO11)+(0.035*BQ11)+(0.055*BH11)+(0.035*BI11)+(0.035*BG11) | CQ11: =CK11+CL11+CM11+CN11+CO11
A12: 4 | B12: Miro Heiskanen | C12: DAL | D12: D | E12: 16.266667 | F12: 2025-26 | G12: 3/6/2026 DAL vs. COL | H12: =COUNTIFS(Tracking!E:E,A12,Tracking!D:D,C12,Tracking!C:C,"5v5") | I12: =COUNTIFS(Tracking!E:E,A12,Tracking!D:D,C12,Tracking!N:N,"y",Tracking!C:C,"5v5") | J12: =COUNTIFS(Tracking!E:E,A12,Tracking!D:D,C12,Tracking!M:M,"y",Tracking!C:C,"5v5") | K12: =L12+M12+N12 | L12: =COUNTIFS(Tracking!G:G,A12,Tracking!D:D,C12,Tracking!C:C,"5v5") | M12: =COUNTIFS(Tracking!H:H,A12,Tracking!D:D,C12,Tracking!C:C,"5v5") | N12: =COUNTIFS(Tracking!I:I,A12,Tracking!D:D,C12,Tracking!C:C,"5v5") | O12: =COUNTIFS(Tracking!G:G,A12,Tracking!D:D,C12,Tracking!C:C,"5v5",Tracking!M:M,"y") | P12: =COUNTIFS(Tracking!G:G,A12,Tracking!D:D,C12,Tracking!C:C,"5v5",Tracking!J:J,"orrl")+COUNTIFS(Tracking!G:G,A12,Tracking!D:D,C12,Tracking!C:C,"5v5",Tracking!J:J,"orrc")+COUNTIFS(Tracking!G:G,A12,Tracking!D:D,C12,Tracking!C:C,"5v5",Tracking!J:J,"orrr")+COUNTIFS(Tracking!G:G,A12,Tracking!D:D,C12,Tracking!C:C,"5v5",Tracking!J:J,"oelrrl")+COUNTIFS(Tracking!G:G,A12,Tracking!D:D,C12,Tracking!C:C,"5v5",Tracking!J:J,"oelrrc")+COUNTIFS(Tracking!G:G,A12,Tracking!D:D,C12,Tracking!C:C,"5v5",Tracking!J:J,"oelrrr") | Q12: =COUNTIFS(Tracking!G:G,A12,Tracking!D:D,C12,Tracking!C:C,"5v5",Tracking!J:J,"opl")+COUNTIFS(Tracking!G:G,A12,Tracking!D:D,C12,Tracking!C:C,"5v5",Tracking!J:J,"opc")+COUNTIFS(Tracking!G:G,A12,Tracking!D:D,C12,Tracking!C:C,"5v5",Tracking!J:J,"opr")+COUNTIFS(Tracking!G:G,A12,Tracking!D:D,C12,Tracking!C:C,"5v5",Tracking!J:J,"oelpl")+COUNTIFS(Tracking!G:G,A12,Tracking!D:D,C12,Tracking!C:C,"5v5",Tracking!J:J,"oelpc")+COUNTIFS(Tracking!G:G,A12,Tracking!D:D,C12,Tracking!C:C,"5v5",Tracking!J:J,"oelpr") | R12: =COUNTIFS(Tracking!G:G,A12,Tracking!D:D,C12,Tracking!C:C,"5v5",Tracking!J:J,"oell")+COUNTIFS(Tracking!G:G,A12,Tracking!D:D,C12,Tracking!C:C,"5v5",Tracking!J:J,"oelc")+COUNTIFS(Tracking!G:G,A12,Tracking!D:D,C12,Tracking!C:C,"5v5",Tracking!J:J,"oelr") | S12: =COUNTIFS(Tracking!G:G,A12,Tracking!D:D,C12,Tracking!C:C,"5v5",Tracking!J:J,"oc")+COUNTIFS(Tracking!G:G,A12,Tracking!D:D,C12,Tracking!C:C,"5v5",Tracking!J:J,"orrc")+COUNTIFS(Tracking!G:G,A12,Tracking!D:D,C12,Tracking!C:C,"5v5",Tracking!J:J,"oelc") | T12: =COUNTIFS(Tracking!G:G,A12,Tracking!D:D,C12,Tracking!C:C,"5v5",Tracking!J:J,"nl")+COUNTIFS(Tracking!G:G,A12,Tracking!D:D,C12,Tracking!C:C,"5v5",Tracking!J:J,"nc")+COUNTIFS(Tracking!G:G,A12,Tracking!D:D,C12,Tracking!C:C,"5v5",Tracking!J:J,"nr")+COUNTIFS(Tracking!G:G,A12,Tracking!D:D,C12,Tracking!C:C,"5v5",Tracking!J:J,"nsl")+COUNTIFS(Tracking!G:G,A12,Tracking!D:D,C12,Tracking!C:C,"5v5",Tracking!J:J,"nsc")+COUNTIFS(Tracking!G:G,A12,Tracking!D:D,C12,Tracking!C:C,"5v5",Tracking!J:J,"nsr")+COUNTIFS(Tracking!H:H,A12,Tracking!D:D,C12,Tracking!C:C,"5v5",Tracking!K:K,"nl")+COUNTIFS(Tracking!H:H,A12,Tracking!D:D,C12,Tracking!C:C,"5v5",Tracking!K:K,"nc")+COUNTIFS(Tracking!H:H,A12,Tracking!D:D,C12,Tracking!C:C,"5v5",Tracking!K:K,"nr")+COUNTIFS(Tracking!H:H,A12,Tracking!D:D,C12,Tracking!C:C,"5v5",Tracking!K:K,"nsl")+COUNTIFS(Tracking!H:H,A12,Tracking!D:D,C12,Tracking!C:C,"5v5",Tracking!K:K,"nsc")+COUNTIFS(Tracking!H:H,A12,Tracking!D:D,C12,Tracking!C:C,"5v5",Tracking!K:K,"nsr")+COUNTIFS(Tracking!I:I,A12,Tracking!D:D,C12,Tracking!C:C,"5v5",Tracking!L:L,"nl")+COUNTIFS(Tracking!I:I,A12,Tracking!D:D,C12,Tracking!C:C,"5v5",Tracking!L:L,"nc")+COUNTIFS(Tracking!I:I,A12,Tracking!D:D,C12,Tracking!C:C,"5v5",Tracking!L:L,"nr")+COUNTIFS(Tracking!I:I,A12,Tracking!D:D,C12,Tracking!C:C,"5v5",Tracking!L:L,"nsl")+COUNTIFS(Tracking!I:I,A12,Tracking!D:D,C12,Tracking!C:C,"5v5",Tracking!L:L,"nsc")+COUNTIFS(Tracking!I:I,A12,Tracking!D:D,C12,Tracking!C:C,"5v5",Tracking!L:L,"nsr") | U12: =COUNTIFS(Tracking!G:G,A12,Tracking!D:D,C12,Tracking!C:C,"5v5",Tracking!J:J,"dl")+COUNTIFS(Tracking!G:G,A12,Tracking!D:D,C12,Tracking!C:C,"5v5",Tracking!J:J,"dc")+COUNTIFS(Tracking!G:G,A12,Tracking!D:D,C12,Tracking!C:C,"5v5",Tracking!J:J,"dr")+COUNTIFS(Tracking!G:G,A12,Tracking!D:D,C12,Tracking!C:C,"5v5",Tracking!J:J,"dsl")+COUNTIFS(Tracking!G:G,A12,Tracking!D:D,C12,Tracking!C:C,"5v5",Tracking!J:J,"dsc")+COUNTIFS(Tracking!G:G,A12,Tracking!D:D,C12,Tracking!C:C,"5v5",Tracking!J:J,"dsr")+COUNTIFS(Tracking!H:H,A12,Tracking!D:D,C12,Tracking!C:C,"5v5",Tracking!K:K,"dl")+COUNTIFS(Tracking!H:H,A12,Tracking!D:D,C12,Tracking!C:C,"5v5",Tracking!K:K,"dc")+COUNTIFS(Tracking!H:H,A12,Tracking!D:D,C12,Tracking!C:C,"5v5",Tracking!K:K,"dr")+COUNTIFS(Tracking!H:H,A12,Tracking!D:D,C12,Tracking!C:C,"5v5",Tracking!K:K,"dsl")+COUNTIFS(Tracking!H:H,A12,Tracking!D:D,C12,Tracking!C:C,"5v5",Tracking!K:K,"dsc")+COUNTIFS(Tracking!H:H,A12,Tracking!D:D,C12,Tracking!C:C,"5v5",Tracking!K:K,"dsr")+COUNTIFS(Tracking!I:I,A12,Tracking!D:D,C12,Tracking!C:C,"5v5",Tracking!L:L,"dl")+COUNTIFS(Tracking!I:I,A12,Tracking!D:D,C12,Tracking!C:C,"5v5",Tracking!L:L,"dc")+COUNTIFS(Tracking!I:I,A12,Tracking!D:D,C12,Tracking!C:C,"5v5",Tracking!L:L,"dr")+COUNTIFS(Tracking!I:I,A12,Tracking!D:D,C12,Tracking!C:C,"5v5",Tracking!L:L,"dsl")+COUNTIFS(Tracking!I:I,A12,Tracking!D:D,C12,Tracking!C:C,"5v5",Tracking!L:L,"dsc")+COUNTIFS(Tracking!I:I,A12,Tracking!D:D,C12,Tracking!C:C,"5v5",Tracking!L:L,"dsr") | V12: =COUNTIFS(Tracking!E:E,A12,Tracking!D:D,C12,Tracking!C:C,"5v5",Tracking!P:P,"r") | W12: =COUNTIFS(Tracking!G:G,A12,Tracking!D:D,C12,Tracking!C:C,"5v5",Tracking!P:P,"r")+COUNTIFS(Tracking!H:H,A12,Tracking!D:D,C12,Tracking!C:C,"5v5",Tracking!P:P,"r")+COUNTIFS(Tracking!I:I,A12,Tracking!D:D,C12,Tracking!C:C,"5v5",Tracking!P:P,"r") | X12: =COUNTIFS(Tracking!E:E,A12,Tracking!D:D,C12,Tracking!C:C,"5v5",Tracking!P:P,"f") | Y12: =COUNTIFS(Tracking!G:G,A12,Tracking!D:D,C12,Tracking!C:C,"5v5",Tracking!P:P,"f")+COUNTIFS(Tracking!H:H,A12,Tracking!D:D,C12,Tracking!C:C,"5v5",Tracking!P:P,"f")+COUNTIFS(Tracking!I:I,A12,Tracking!D:D,C12,Tracking!C:C,"5v5",Tracking!P:P,"f") | Z12: =COUNTIFS(Tracking!E:E,A12,Tracking!D:D,C12,Tracking!C:C,"5v5",Tracking!P:P,"c") | AA12: =COUNTIFS(Tracking!G:G,A12,Tracking!D:D,C12,Tracking!C:C,"5v5",Tracking!P:P,"c")+COUNTIFS(Tracking!H:H,A12,Tracking!D:D,C12,Tracking!C:C,"5v5",Tracking!P:P,"f")+COUNTIFS(Tracking!I:I,A12,Tracking!D:D,C12,Tracking!C:C,"5v5",Tracking!P:P,"f") | AB12: =COUNTIFS(Tracking!E:E,A12,Tracking!D:D,C12,Tracking!C:C,"5v5",Tracking!J:J,"orrl")+COUNTIFS(Tracking!E:E,A12,Tracking!D:D,C12,Tracking!C:C,"5v5",Tracking!J:J,"orrc")+COUNTIFS(Tracking!E:E,A12,Tracking!D:D,C12,Tracking!C:C,"5v5",Tracking!J:J,"orrr")+COUNTIFS(Tracking!E:E,A12,Tracking!D:D,C12,Tracking!C:C,"5v5",Tracking!J:J,"oell")+COUNTIFS(Tracking!E:E,A12,Tracking!D:D,C12,Tracking!C:C,"5v5",Tracking!J:J,"oelc")+COUNTIFS(Tracking!E:E,A12,Tracking!D:D,C12,Tracking!C:C,"5v5",Tracking!J:J,"oelr") | AC12: =COUNTIFS(Tracking!Z:Z,A12&C12,Tracking!C:C,"5v5")-AE12 | AD12: =COUNTIFS(Tracking!Z:Z,A12&C12,Tracking!C:C,"5v5",Tracking!Y:Y,"C") | AE12: =COUNTIFS(Tracking!Z:Z,A12&C12,Tracking!C:C,"5v5",Tracking!Y:Y,"F") | AF12: =COUNTIFS(Tracking!Z:Z,A12&C12,Tracking!C:C,"5v5",Tracking!Y:Y,"C",Tracking!AB:AB,"Y") | AG12: =COUNTIFS(Tracking!AD:AD,A12&C12,Tracking!C:C,"5v5") | AH12: =COUNTIFS(Tracking!Z:Z,A12&C12,Tracking!C:C,"5v5",Tracking!Y:Y,"C",Tracking!AE:AE,"Y") | AI12: =COUNTIFS(Tracking!Z:Z,A12&C12,Tracking!C:C,"5v5",Tracking!Y:Y,"D",Tracking!AE:AE,"Y") | AJ12: =COUNTIFS(Tracking!AH:AH,A12&C12) | AK12: =COUNTIFS(Tracking!AI:AI,A12&C12,Tracking!C:C,"5v5")+AL12 | AL12: =COUNTIFS(Tracking!AF:AF,A12&C12,Tracking!C:C,"5v5")-AT12 | AM12: =COUNTIFS(Tracking!AF:AF,A12&C12,Tracking!C:C,"5v5",Tracking!AG:AG,"CLE")+COUNTIFS(Tracking!AF:AF,A12&C12,Tracking!C:C,"5v5",Tracking!AG:AG,"CEX")+COUNTIFS(Tracking!AF:AF,A12&C12,Tracking!C:C,"5v5",Tracking!AG:AG,"PEX")+COUNTIFS(Tracking!AI:AI,A12&C12,Tracking!C:C,"5v5",Tracking!AJ:AJ,"CLE")+COUNTIFS(Tracking!AI:AI,A12&C12,Tracking!C:C,"5v5",Tracking!AJ:AJ,"CEX")+COUNTIFS(Tracking!AI:AI,A12&C12,Tracking!C:C,"5v5",Tracking!AJ:AJ,"PEX") | AN12: =COUNTIFS(Tracking!AF:AF,A12&C12,Tracking!C:C,"5v5",Tracking!AG:AG,"CEX")+COUNTIFS(Tracking!AF:AF,A12&C12,Tracking!C:C,"5v5",Tracking!AG:AG,"PEX")+COUNTIFS(Tracking!AI:AI,A12&C12,Tracking!C:C,"5v5",Tracking!AJ:AJ,"CEX")+COUNTIFS(Tracking!AI:AI,A12&C12,Tracking!C:C,"5v5",Tracking!AJ:AJ,"PEX") | AO12: =COUNTIFS(Tracking!AF:AF,A12&C12,Tracking!C:C,"5v5",Tracking!AG:AG,"CEX")+COUNTIFS(Tracking!AI:AI,A12&C12,Tracking!C:C,"5v5",Tracking!AJ:AJ,"CEX") | AP12: =COUNTIFS(Tracking!AF:AF,A12&C12,Tracking!C:C,"5v5",Tracking!AG:AG,"PEX") | AQ12: =COUNTIFS(Tracking!AF:AF,A12&C12,Tracking!C:C,"5v5",Tracking!AG:AG,"CLE")+COUNTIFS(Tracking!AI:AI,A12&C12,Tracking!C:C,"5v5",Tracking!AJ:AJ,"CLE") | AR12: =COUNTIFS(Tracking!AF:AF,A12&C12,Tracking!C:C,"5v5",Tracking!AG:AG,"MEX") | AS12: =COUNTIFS(Tracking!AF:AF,A12&C12,Tracking!C:C,"5v5",Tracking!AJ:AJ,"CEX")+COUNTIFS(Tracking!AF:AF,A12&C12,Tracking!C:C,"5v5",Tracking!AJ:AJ,"PEX")+COUNTIFS(Tracking!AF:AF,A12&C12,Tracking!C:C,"5v5",Tracking!AJ:AJ,"CLE")+COUNTIFS(Tracking!AF:AF,A12&C12,Tracking!C:C,"5v5",Tracking!AG:AG,"CEX")+COUNTIFS(Tracking!AF:AF,A12&C12,Tracking!C:C,"5v5",Tracking!AG:AG,"PEX") | AT12: =COUNTIFS(Tracking!AF:AF,A12&C12,Tracking!C:C,"5v5",Tracking!AG:AG,"BOT")+COUNTIFS(Tracking!AF:AF,A12&C12,Tracking!C:C,"5v5",Tracking!AG:AG,"FEX") | AU12: =COUNTIFS(Tracking!AF:AF,A12&C12,Tracking!C:C,"5v5",Tracking!AG:AG,"EXC") | AV12: =COUNTIFS(Tracking!AF:AF,A12&C12,Tracking!C:C,"5v5",Tracking!AG:AG,"FEX")+COUNTIFS(Tracking!AI:AI,A12&C12,Tracking!C:C,"5v5",Tracking!AJ:AJ,"FEX") | AW12: =COUNTIFS(Tracking!AF:AF,A12&C12,Tracking!C:C,"5v5",Tracking!AG:AG,"CLE")+COUNTIFS(Tracking!AF:AF,A12&C12,Tracking!C:C,"5v5",Tracking!AG:AG,"CEX")+COUNTIFS(Tracking!AF:AF,A12&C12,Tracking!C:C,"5v5",Tracking!AG:AG,"PEX") | AX12: =COUNTIFS(Tracking!AI:AI,A12&C12,Tracking!C:C,"5v5",Tracking!AJ:AJ,"CLE")+COUNTIFS(Tracking!AI:AI,A12&C12,Tracking!C:C,"5v5",Tracking!AJ:AJ,"CEX")+COUNTIFS(Tracking!AI:AI,A12&C12,Tracking!C:C,"5v5",Tracking!AJ:AJ,"PEX") | AY12: =COUNTIFS(Tracking!AA:AA,A12&C12,Tracking!C:C,"5v5") | AZ12: =COUNTIFS(Tracking!AA:AA,A12&C12,Tracking!C:C,"5v5",Tracking!Y:Y,"C") | BA12: =COUNTIFS(Tracking!AA:AA,A12&C12,Tracking!C:C,"5v5",Tracking!Y:Y,"F") | BB12: =COUNTIFS(Tracking!AA:AA,A12&C12,Tracking!C:C,"5v5",Tracking!AB:AB,"Y") | BC12: =COUNTIFS(Tracking!AA:AA,A12&C12,Tracking!C:C,"5v5",Tracking!Y:Y,"C",Tracking!AE:AE,"Y") | BD12: =COUNTIFS(Tracking!AA:AA,A12&C12,Tracking!C:C,"5v5",Tracking!Y:Y,"D",Tracking!AE:AE,"Y") | BE12: =COUNTIFS(Tracking!Z:Z,A12&C12,Tracking!C:C,"5v4") | BF12: =COUNTIFS(Tracking!Z:Z,A12&C12,Tracking!C:C,"5v4",Tracking!Y:Y,"C") | BG12: =COUNTIFS(Tracking!Z:Z,A12&C12,Tracking!C:C,"5v4",Tracking!AB:AB,"Y") | BH12: =COUNTIFS(Tracking!Z:Z,A12&C12,Tracking!C:C,"4v5") | BI12: =COUNTIFS(Tracking!AA:AA,A12&C12,Tracking!C:C,"5v4",Tracking!Y:Y,"D")+COUNTIFS(Tracking!AA:AA,A12&C12,Tracking!C:C,"5v4",Tracking!Y:Y,"F") | BJ12: =COUNTIFS(Tracking!E:E,A12,Tracking!D:D,C12,Tracking!C:C,"5v4") | BK12: =COUNTIFS(Tracking!G:G,A12,Tracking!D:D,C12,Tracking!C:C,"5v4")+COUNTIFS(Tracking!H:H,A12,Tracking!D:D,C12,Tracking!C:C,"5v4")+COUNTIFS(Tracking!I:I,A12,Tracking!D:D,C12,Tracking!C:C,"5v4") | BL12: =COUNTIFS(Tracking!G:G,A12,Tracking!D:D,C12,Tracking!C:C,"5v4") | BM12: =COUNTIFS(Tracking!E:E,A12,Tracking!D:D,C12,Tracking!C:C,"5v4",Tracking!M:M,"Y") | BN12: =COUNTIFS(Tracking!G:G,A12,Tracking!D:D,C12,Tracking!C:C,"5v4",Tracking!M:M,"Y") | BO12: =COUNTIFS(Tracking!G:G,A12,Tracking!D:D,C12,Tracking!J:J,"orrl",Tracking!C:C,"5v4")+COUNTIFS(Tracking!G:G,A12,Tracking!D:D,C12,Tracking!J:J,"orrc",Tracking!C:C,"5v4")+COUNTIFS(Tracking!G:G,A12,Tracking!D:D,C12,Tracking!J:J,"orrr",Tracking!C:C,"5v4") | BP12: =COUNTIFS(Tracking!G:G,A12,Tracking!D:D,C12,Tracking!C:C,"5v4",Tracking!J:J,"opl")+COUNTIFS(Tracking!G:G,A12,Tracking!D:D,C12,Tracking!C:C,"5v4",Tracking!J:J,"opc")+COUNTIFS(Tracking!G:G,A12,Tracking!D:D,C12,Tracking!C:C,"5v4",Tracking!J:J,"opr")+COUNTIFS(Tracking!G:G,A12,Tracking!D:D,C12,Tracking!C:C,"5v4",Tracking!J:J,"oelpl")+COUNTIFS(Tracking!G:G,A12,Tracking!D:D,C12,Tracking!C:C,"5v4",Tracking!J:J,"oelpc")+COUNTIFS(Tracking!G:G,A12,Tracking!D:D,C12,Tracking!C:C,"5v4",Tracking!J:J,"oelpr") | BQ12: =COUNTIFS(Tracking!G:G,A12,Tracking!D:D,C12,Tracking!C:C,"5v4",Tracking!J:J,"oell")+COUNTIFS(Tracking!G:G,A12,Tracking!D:D,C12,Tracking!C:C,"5v4",Tracking!J:J,"oelc")+COUNTIFS(Tracking!G:G,A12,Tracking!D:D,C12,Tracking!C:C,"5v4",Tracking!J:J,"oelr") | BR12: =COUNTIFS(Tracking!E:E,A12,Tracking!D:D,C12,Tracking!C:C,"5v5",Tracking!F:F,"o") | BS12: =COUNTIFS(Tracking!E:E,A12,Tracking!D:D,C12,Tracking!C:C,"5v5",Tracking!F:F,"r") | BT12: =COUNTIFS(Tracking!E:E,A12,Tracking!D:D,C12,Tracking!C:C,"5v5",Tracking!F:F,"t") | BU12: =COUNTIFS(Tracking!G:G,A12,Tracking!D:D,C12,Tracking!C:C,"5v5",Tracking!F:F,"o") | BV12: =COUNTIFS(Tracking!E:E,A11,Tracking!D:D,C12,Tracking!C:C,"5v5",Tracking!F:F,"r") | BW12: =COUNTIFS(Tracking!G:G,A12,Tracking!D:D,C12,Tracking!C:C,"5v5",Tracking!F:F,"T") | BX12: =COUNTIFS(Tracking!E:E,A12,Tracking!D:D,C12,Tracking!C:C,"5v5",Tracking!Q:Q,"OZ") | BY12: =COUNTIFS(Tracking!E:E,A12,Tracking!D:D,C12,Tracking!C:C,"5v5",Tracking!Q:Q,"nZ") | BZ12: =COUNTIFS(Tracking!E:E,A12,Tracking!D:D,C12,Tracking!C:C,"5v5",Tracking!Q:Q,"dZ") | CA12: =COUNTIFS(Tracking!G:G,A12,Tracking!D:D,C12,Tracking!C:C,"5v5",Tracking!Q:Q,"OZ")+COUNTIFS(Tracking!H:H,A12,Tracking!D:D,C12,Tracking!C:C,"5v5",Tracking!Q:Q,"OZ")+COUNTIFS(Tracking!I:I,A12,Tracking!D:D,C12,Tracking!C:C,"5v5",Tracking!Q:Q,"OZ") | CB12: =COUNTIFS(Tracking!G:G,A12,Tracking!D:D,C12,Tracking!C:C,"5v5",Tracking!Q:Q,"nZ")+COUNTIFS(Tracking!H:H,A12,Tracking!D:D,C12,Tracking!C:C,"5v5",Tracking!Q:Q,"nZ")+COUNTIFS(Tracking!I:I,A12,Tracking!D:D,C12,Tracking!C:C,"5v5",Tracking!Q:Q,"nZ") | CC12: =COUNTIFS(Tracking!G:G,A12,Tracking!D:D,C12,Tracking!C:C,"5v5",Tracking!Q:Q,"dZ")+COUNTIFS(Tracking!H:H,A12,Tracking!D:D,C12,Tracking!C:C,"5v5",Tracking!Q:Q,"dZ")+COUNTIFS(Tracking!I:I,A12,Tracking!D:D,C12,Tracking!C:C,"5v5",Tracking!Q:Q,"dZ") | CD12: =COUNTIFS(Tracking!E:E,A12,Tracking!D:D,C12,Tracking!C:C,"5v5",Tracking!R:R,"dz exit") | CE12: =COUNTIFS(Tracking!E:E,A12,Tracking!D:D,C12,Tracking!C:C,"5v5",Tracking!R:R,"dz counter") | CF12: =COUNTIFS(Tracking!E:E,A12,Tracking!D:D,C12,Tracking!C:C,"5v5",Tracking!R:R,"nz turnover") | CG12: =COUNTIFS(Tracking!E:E,A12,Tracking!D:D,C12,Tracking!C:C,"5v5",Tracking!R:R,"nz regroup") | CH12: =COUNTIFS(Tracking!E:E,A12,Tracking!D:D,C12,Tracking!C:C,"5v5",Tracking!R:R,"nz reload") | CI12: =COUNTIFS(Tracking!E:E,A12,Tracking!D:D,C12,Tracking!C:C,"5v5",Tracking!R:R,"controlled breakout") | CJ12: =CK12+CL12+CM12+CN12+CO12+CP12 | CK12: =(0.075*H12)+(0.07*L12)+(0.055*M12)+(0.055*N12)+(0.095*J12)+(0.09*O12)+(0.05*P12)+(0.05*R12)+(0.05*S12)+(0.05*AB12) | CL12: =(0.045*AD12)-(0.045*AE12)+(0.055*AH12)+(0.035*AI12) | CM12: =(0.015*(AY12-AZ12))+(0.035*BA12)-(0.015*BB12)-(0.025*BC12)+(0.015*(AY12-(BD12+BC12))) | CN12: =(0.035*AN12)+(0.025*AS12)-(0.035*AT12)-(0.035*AV12) | CO12: =(0.015*AJ12)+(0.045*AG12) | CP12: =(0.055*BM12)+(0.055*BN12)+(0.035*BO12)+(0.035*BQ12)+(0.055*BH12)+(0.035*BI12)+(0.035*BG12) | CQ12: =CK12+CL12+CM12+CN12+CO12
A13: 11 | B13: Nathan Bastian | C13: DAL | D13: R | E13: 8.15 | F13: 2025-26 | G13: 3/6/2026 DAL vs. COL | H13: =COUNTIFS(Tracking!E:E,A13,Tracking!D:D,C13,Tracking!C:C,"5v5") | I13: =COUNTIFS(Tracking!E:E,A13,Tracking!D:D,C13,Tracking!N:N,"y",Tracking!C:C,"5v5") | J13: =COUNTIFS(Tracking!E:E,A13,Tracking!D:D,C13,Tracking!M:M,"y",Tracking!C:C,"5v5") | K13: =L13+M13+N13 | L13: =COUNTIFS(Tracking!G:G,A13,Tracking!D:D,C13,Tracking!C:C,"5v5") | M13: =COUNTIFS(Tracking!H:H,A13,Tracking!D:D,C13,Tracking!C:C,"5v5") | N13: =COUNTIFS(Tracking!I:I,A13,Tracking!D:D,C13,Tracking!C:C,"5v5") | O13: =COUNTIFS(Tracking!G:G,A13,Tracking!D:D,C13,Tracking!C:C,"5v5",Tracking!M:M,"y") | P13: =COUNTIFS(Tracking!G:G,A13,Tracking!D:D,C13,Tracking!C:C,"5v5",Tracking!J:J,"orrl")+COUNTIFS(Tracking!G:G,A13,Tracking!D:D,C13,Tracking!C:C,"5v5",Tracking!J:J,"orrc")+COUNTIFS(Tracking!G:G,A13,Tracking!D:D,C13,Tracking!C:C,"5v5",Tracking!J:J,"orrr")+COUNTIFS(Tracking!G:G,A13,Tracking!D:D,C13,Tracking!C:C,"5v5",Tracking!J:J,"oelrrl")+COUNTIFS(Tracking!G:G,A13,Tracking!D:D,C13,Tracking!C:C,"5v5",Tracking!J:J,"oelrrc")+COUNTIFS(Tracking!G:G,A13,Tracking!D:D,C13,Tracking!C:C,"5v5",Tracking!J:J,"oelrrr") | Q13: =COUNTIFS(Tracking!G:G,A13,Tracking!D:D,C13,Tracking!C:C,"5v5",Tracking!J:J,"opl")+COUNTIFS(Tracking!G:G,A13,Tracking!D:D,C13,Tracking!C:C,"5v5",Tracking!J:J,"opc")+COUNTIFS(Tracking!G:G,A13,Tracking!D:D,C13,Tracking!C:C,"5v5",Tracking!J:J,"opr")+COUNTIFS(Tracking!G:G,A13,Tracking!D:D,C13,Tracking!C:C,"5v5",Tracking!J:J,"oelpl")+COUNTIFS(Tracking!G:G,A13,Tracking!D:D,C13,Tracking!C:C,"5v5",Tracking!J:J,"oelpc")+COUNTIFS(Tracking!G:G,A13,Tracking!D:D,C13,Tracking!C:C,"5v5",Tracking!J:J,"oelpr") | R13: =COUNTIFS(Tracking!G:G,A13,Tracking!D:D,C13,Tracking!C:C,"5v5",Tracking!J:J,"oell")+COUNTIFS(Tracking!G:G,A13,Tracking!D:D,C13,Tracking!C:C,"5v5",Tracking!J:J,"oelc")+COUNTIFS(Tracking!G:G,A13,Tracking!D:D,C13,Tracking!C:C,"5v5",Tracking!J:J,"oelr") | S13: =COUNTIFS(Tracking!G:G,A13,Tracking!D:D,C13,Tracking!C:C,"5v5",Tracking!J:J,"oc")+COUNTIFS(Tracking!G:G,A13,Tracking!D:D,C13,Tracking!C:C,"5v5",Tracking!J:J,"orrc")+COUNTIFS(Tracking!G:G,A13,Tracking!D:D,C13,Tracking!C:C,"5v5",Tracking!J:J,"oelc") | T13: =COUNTIFS(Tracking!G:G,A13,Tracking!D:D,C13,Tracking!C:C,"5v5",Tracking!J:J,"nl")+COUNTIFS(Tracking!G:G,A13,Tracking!D:D,C13,Tracking!C:C,"5v5",Tracking!J:J,"nc")+COUNTIFS(Tracking!G:G,A13,Tracking!D:D,C13,Tracking!C:C,"5v5",Tracking!J:J,"nr")+COUNTIFS(Tracking!G:G,A13,Tracking!D:D,C13,Tracking!C:C,"5v5",Tracking!J:J,"nsl")+COUNTIFS(Tracking!G:G,A13,Tracking!D:D,C13,Tracking!C:C,"5v5",Tracking!J:J,"nsc")+COUNTIFS(Tracking!G:G,A13,Tracking!D:D,C13,Tracking!C:C,"5v5",Tracking!J:J,"nsr")+COUNTIFS(Tracking!H:H,A13,Tracking!D:D,C13,Tracking!C:C,"5v5",Tracking!K:K,"nl")+COUNTIFS(Tracking!H:H,A13,Tracking!D:D,C13,Tracking!C:C,"5v5",Tracking!K:K,"nc")+COUNTIFS(Tracking!H:H,A13,Tracking!D:D,C13,Tracking!C:C,"5v5",Tracking!K:K,"nr")+COUNTIFS(Tracking!H:H,A13,Tracking!D:D,C13,Tracking!C:C,"5v5",Tracking!K:K,"nsl")+COUNTIFS(Tracking!H:H,A13,Tracking!D:D,C13,Tracking!C:C,"5v5",Tracking!K:K,"nsc")+COUNTIFS(Tracking!H:H,A13,Tracking!D:D,C13,Tracking!C:C,"5v5",Tracking!K:K,"nsr")+COUNTIFS(Tracking!I:I,A13,Tracking!D:D,C13,Tracking!C:C,"5v5",Tracking!L:L,"nl")+COUNTIFS(Tracking!I:I,A13,Tracking!D:D,C13,Tracking!C:C,"5v5",Tracking!L:L,"nc")+COUNTIFS(Tracking!I:I,A13,Tracking!D:D,C13,Tracking!C:C,"5v5",Tracking!L:L,"nr")+COUNTIFS(Tracking!I:I,A13,Tracking!D:D,C13,Tracking!C:C,"5v5",Tracking!L:L,"nsl")+COUNTIFS(Tracking!I:I,A13,Tracking!D:D,C13,Tracking!C:C,"5v5",Tracking!L:L,"nsc")+COUNTIFS(Tracking!I:I,A13,Tracking!D:D,C13,Tracking!C:C,"5v5",Tracking!L:L,"nsr") | U13: =COUNTIFS(Tracking!G:G,A13,Tracking!D:D,C13,Tracking!C:C,"5v5",Tracking!J:J,"dl")+COUNTIFS(Tracking!G:G,A13,Tracking!D:D,C13,Tracking!C:C,"5v5",Tracking!J:J,"dc")+COUNTIFS(Tracking!G:G,A13,Tracking!D:D,C13,Tracking!C:C,"5v5",Tracking!J:J,"dr")+COUNTIFS(Tracking!G:G,A13,Tracking!D:D,C13,Tracking!C:C,"5v5",Tracking!J:J,"dsl")+COUNTIFS(Tracking!G:G,A13,Tracking!D:D,C13,Tracking!C:C,"5v5",Tracking!J:J,"dsc")+COUNTIFS(Tracking!G:G,A13,Tracking!D:D,C13,Tracking!C:C,"5v5",Tracking!J:J,"dsr")+COUNTIFS(Tracking!H:H,A13,Tracking!D:D,C13,Tracking!C:C,"5v5",Tracking!K:K,"dl")+COUNTIFS(Tracking!H:H,A13,Tracking!D:D,C13,Tracking!C:C,"5v5",Tracking!K:K,"dc")+COUNTIFS(Tracking!H:H,A13,Tracking!D:D,C13,Tracking!C:C,"5v5",Tracking!K:K,"dr")+COUNTIFS(Tracking!H:H,A13,Tracking!D:D,C13,Tracking!C:C,"5v5",Tracking!K:K,"dsl")+COUNTIFS(Tracking!H:H,A13,Tracking!D:D,C13,Tracking!C:C,"5v5",Tracking!K:K,"dsc")+COUNTIFS(Tracking!H:H,A13,Tracking!D:D,C13,Tracking!C:C,"5v5",Tracking!K:K,"dsr")+COUNTIFS(Tracking!I:I,A13,Tracking!D:D,C13,Tracking!C:C,"5v5",Tracking!L:L,"dl")+COUNTIFS(Tracking!I:I,A13,Tracking!D:D,C13,Tracking!C:C,"5v5",Tracking!L:L,"dc")+COUNTIFS(Tracking!I:I,A13,Tracking!D:D,C13,Tracking!C:C,"5v5",Tracking!L:L,"dr")+COUNTIFS(Tracking!I:I,A13,Tracking!D:D,C13,Tracking!C:C,"5v5",Tracking!L:L,"dsl")+COUNTIFS(Tracking!I:I,A13,Tracking!D:D,C13,Tracking!C:C,"5v5",Tracking!L:L,"dsc")+COUNTIFS(Tracking!I:I,A13,Tracking!D:D,C13,Tracking!C:C,"5v5",Tracking!L:L,"dsr") | V13: =COUNTIFS(Tracking!E:E,A13,Tracking!D:D,C13,Tracking!C:C,"5v5",Tracking!P:P,"r") | W13: =COUNTIFS(Tracking!G:G,A13,Tracking!D:D,C13,Tracking!C:C,"5v5",Tracking!P:P,"r")+COUNTIFS(Tracking!H:H,A13,Tracking!D:D,C13,Tracking!C:C,"5v5",Tracking!P:P,"r")+COUNTIFS(Tracking!I:I,A13,Tracking!D:D,C13,Tracking!C:C,"5v5",Tracking!P:P,"r") | X13: =COUNTIFS(Tracking!E:E,A13,Tracking!D:D,C13,Tracking!C:C,"5v5",Tracking!P:P,"f") | Y13: =COUNTIFS(Tracking!G:G,A13,Tracking!D:D,C13,Tracking!C:C,"5v5",Tracking!P:P,"f")+COUNTIFS(Tracking!H:H,A13,Tracking!D:D,C13,Tracking!C:C,"5v5",Tracking!P:P,"f")+COUNTIFS(Tracking!I:I,A13,Tracking!D:D,C13,Tracking!C:C,"5v5",Tracking!P:P,"f") | Z13: =COUNTIFS(Tracking!E:E,A13,Tracking!D:D,C13,Tracking!C:C,"5v5",Tracking!P:P,"c") | AA13: =COUNTIFS(Tracking!G:G,A13,Tracking!D:D,C13,Tracking!C:C,"5v5",Tracking!P:P,"c")+COUNTIFS(Tracking!H:H,A13,Tracking!D:D,C13,Tracking!C:C,"5v5",Tracking!P:P,"f")+COUNTIFS(Tracking!I:I,A13,Tracking!D:D,C13,Tracking!C:C,"5v5",Tracking!P:P,"f") | AB13: =COUNTIFS(Tracking!E:E,A13,Tracking!D:D,C13,Tracking!C:C,"5v5",Tracking!J:J,"orrl")+COUNTIFS(Tracking!E:E,A13,Tracking!D:D,C13,Tracking!C:C,"5v5",Tracking!J:J,"orrc")+COUNTIFS(Tracking!E:E,A13,Tracking!D:D,C13,Tracking!C:C,"5v5",Tracking!J:J,"orrr")+COUNTIFS(Tracking!E:E,A13,Tracking!D:D,C13,Tracking!C:C,"5v5",Tracking!J:J,"oell")+COUNTIFS(Tracking!E:E,A13,Tracking!D:D,C13,Tracking!C:C,"5v5",Tracking!J:J,"oelc")+COUNTIFS(Tracking!E:E,A13,Tracking!D:D,C13,Tracking!C:C,"5v5",Tracking!J:J,"oelr") | AC13: =COUNTIFS(Tracking!Z:Z,A13&C13,Tracking!C:C,"5v5")-AE13 | AD13: =COUNTIFS(Tracking!Z:Z,A13&C13,Tracking!C:C,"5v5",Tracking!Y:Y,"C") | AE13: =COUNTIFS(Tracking!Z:Z,A13&C13,Tracking!C:C,"5v5",Tracking!Y:Y,"F") | AF13: =COUNTIFS(Tracking!Z:Z,A13&C13,Tracking!C:C,"5v5",Tracking!Y:Y,"C",Tracking!AB:AB,"Y") | AG13: =COUNTIFS(Tracking!AD:AD,A13&C13,Tracking!C:C,"5v5") | AH13: =COUNTIFS(Tracking!Z:Z,A13&C13,Tracking!C:C,"5v5",Tracking!Y:Y,"C",Tracking!AE:AE,"Y") | AI13: =COUNTIFS(Tracking!Z:Z,A13&C13,Tracking!C:C,"5v5",Tracking!Y:Y,"D",Tracking!AE:AE,"Y") | AJ13: =COUNTIFS(Tracking!AH:AH,A13&C13) | AK13: =COUNTIFS(Tracking!AI:AI,A13&C13,Tracking!C:C,"5v5")+AL13 | AL13: =COUNTIFS(Tracking!AF:AF,A13&C13,Tracking!C:C,"5v5")-AT13 | AM13: =COUNTIFS(Tracking!AF:AF,A13&C13,Tracking!C:C,"5v5",Tracking!AG:AG,"CLE")+COUNTIFS(Tracking!AF:AF,A13&C13,Tracking!C:C,"5v5",Tracking!AG:AG,"CEX")+COUNTIFS(Tracking!AF:AF,A13&C13,Tracking!C:C,"5v5",Tracking!AG:AG,"PEX")+COUNTIFS(Tracking!AI:AI,A13&C13,Tracking!C:C,"5v5",Tracking!AJ:AJ,"CLE")+COUNTIFS(Tracking!AI:AI,A13&C13,Tracking!C:C,"5v5",Tracking!AJ:AJ,"CEX")+COUNTIFS(Tracking!AI:AI,A13&C13,Tracking!C:C,"5v5",Tracking!AJ:AJ,"PEX") | AN13: =COUNTIFS(Tracking!AF:AF,A13&C13,Tracking!C:C,"5v5",Tracking!AG:AG,"CEX")+COUNTIFS(Tracking!AF:AF,A13&C13,Tracking!C:C,"5v5",Tracking!AG:AG,"PEX")+COUNTIFS(Tracking!AI:AI,A13&C13,Tracking!C:C,"5v5",Tracking!AJ:AJ,"CEX")+COUNTIFS(Tracking!AI:AI,A13&C13,Tracking!C:C,"5v5",Tracking!AJ:AJ,"PEX") | AO13: =COUNTIFS(Tracking!AF:AF,A13&C13,Tracking!C:C,"5v5",Tracking!AG:AG,"CEX")+COUNTIFS(Tracking!AI:AI,A13&C13,Tracking!C:C,"5v5",Tracking!AJ:AJ,"CEX") | AP13: =COUNTIFS(Tracking!AF:AF,A13&C13,Tracking!C:C,"5v5",Tracking!AG:AG,"PEX") | AQ13: =COUNTIFS(Tracking!AF:AF,A13&C13,Tracking!C:C,"5v5",Tracking!AG:AG,"CLE")+COUNTIFS(Tracking!AI:AI,A13&C13,Tracking!C:C,"5v5",Tracking!AJ:AJ,"CLE") | AR13: =COUNTIFS(Tracking!AF:AF,A13&C13,Tracking!C:C,"5v5",Tracking!AG:AG,"MEX") | AS13: =COUNTIFS(Tracking!AF:AF,A13&C13,Tracking!C:C,"5v5",Tracking!AJ:AJ,"CEX")+COUNTIFS(Tracking!AF:AF,A13&C13,Tracking!C:C,"5v5",Tracking!AJ:AJ,"PEX")+COUNTIFS(Tracking!AF:AF,A13&C13,Tracking!C:C,"5v5",Tracking!AJ:AJ,"CLE")+COUNTIFS(Tracking!AF:AF,A13&C13,Tracking!C:C,"5v5",Tracking!AG:AG,"CEX")+COUNTIFS(Tracking!AF:AF,A13&C13,Tracking!C:C,"5v5",Tracking!AG:AG,"PEX") | AT13: =COUNTIFS(Tracking!AF:AF,A13&C13,Tracking!C:C,"5v5",Tracking!AG:AG,"BOT")+COUNTIFS(Tracking!AF:AF,A13&C13,Tracking!C:C,"5v5",Tracking!AG:AG,"FEX") | AU13: =COUNTIFS(Tracking!AF:AF,A13&C13,Tracking!C:C,"5v5",Tracking!AG:AG,"EXC") | AV13: =COUNTIFS(Tracking!AF:AF,A13&C13,Tracking!C:C,"5v5",Tracking!AG:AG,"FEX")+COUNTIFS(Tracking!AI:AI,A13&C13,Tracking!C:C,"5v5",Tracking!AJ:AJ,"FEX") | AW13: =COUNTIFS(Tracking!AF:AF,A13&C13,Tracking!C:C,"5v5",Tracking!AG:AG,"CLE")+COUNTIFS(Tracking!AF:AF,A13&C13,Tracking!C:C,"5v5",Tracking!AG:AG,"CEX")+COUNTIFS(Tracking!AF:AF,A13&C13,Tracking!C:C,"5v5",Tracking!AG:AG,"PEX") | AX13: =COUNTIFS(Tracking!AI:AI,A13&C13,Tracking!C:C,"5v5",Tracking!AJ:AJ,"CLE")+COUNTIFS(Tracking!AI:AI,A13&C13,Tracking!C:C,"5v5",Tracking!AJ:AJ,"CEX")+COUNTIFS(Tracking!AI:AI,A13&C13,Tracking!C:C,"5v5",Tracking!AJ:AJ,"PEX") | AY13: =COUNTIFS(Tracking!AA:AA,A13&C13,Tracking!C:C,"5v5") | AZ13: =COUNTIFS(Tracking!AA:AA,A13&C13,Tracking!C:C,"5v5",Tracking!Y:Y,"C") | BA13: =COUNTIFS(Tracking!AA:AA,A13&C13,Tracking!C:C,"5v5",Tracking!Y:Y,"F") | BB13: =COUNTIFS(Tracking!AA:AA,A13&C13,Tracking!C:C,"5v5",Tracking!AB:AB,"Y") | BC13: =COUNTIFS(Tracking!AA:AA,A13&C13,Tracking!C:C,"5v5",Tracking!Y:Y,"C",Tracking!AE:AE,"Y") | BD13: =COUNTIFS(Tracking!AA:AA,A13&C13,Tracking!C:C,"5v5",Tracking!Y:Y,"D",Tracking!AE:AE,"Y") | BE13: =COUNTIFS(Tracking!Z:Z,A13&C13,Tracking!C:C,"5v4") | BF13: =COUNTIFS(Tracking!Z:Z,A13&C13,Tracking!C:C,"5v4",Tracking!Y:Y,"C") | BG13: =COUNTIFS(Tracking!Z:Z,A13&C13,Tracking!C:C,"5v4",Tracking!AB:AB,"Y") | BH13: =COUNTIFS(Tracking!Z:Z,A13&C13,Tracking!C:C,"4v5") | BI13: =COUNTIFS(Tracking!AA:AA,A13&C13,Tracking!C:C,"5v4",Tracking!Y:Y,"D")+COUNTIFS(Tracking!AA:AA,A13&C13,Tracking!C:C,"5v4",Tracking!Y:Y,"F") | BJ13: =COUNTIFS(Tracking!E:E,A13,Tracking!D:D,C13,Tracking!C:C,"5v4") | BK13: =COUNTIFS(Tracking!G:G,A13,Tracking!D:D,C13,Tracking!C:C,"5v4")+COUNTIFS(Tracking!H:H,A13,Tracking!D:D,C13,Tracking!C:C,"5v4")+COUNTIFS(Tracking!I:I,A13,Tracking!D:D,C13,Tracking!C:C,"5v4") | BL13: =COUNTIFS(Tracking!G:G,A13,Tracking!D:D,C13,Tracking!C:C,"5v4") | BM13: =COUNTIFS(Tracking!E:E,A13,Tracking!D:D,C13,Tracking!C:C,"5v4",Tracking!M:M,"Y") | BN13: =COUNTIFS(Tracking!G:G,A13,Tracking!D:D,C13,Tracking!C:C,"5v4",Tracking!M:M,"Y") | BO13: =COUNTIFS(Tracking!G:G,A13,Tracking!D:D,C13,Tracking!J:J,"orrl",Tracking!C:C,"5v4")+COUNTIFS(Tracking!G:G,A13,Tracking!D:D,C13,Tracking!J:J,"orrc",Tracking!C:C,"5v4")+COUNTIFS(Tracking!G:G,A13,Tracking!D:D,C13,Tracking!J:J,"orrr",Tracking!C:C,"5v4") | BP13: =COUNTIFS(Tracking!G:G,A13,Tracking!D:D,C13,Tracking!C:C,"5v4",Tracking!J:J,"opl")+COUNTIFS(Tracking!G:G,A13,Tracking!D:D,C13,Tracking!C:C,"5v4",Tracking!J:J,"opc")+COUNTIFS(Tracking!G:G,A13,Tracking!D:D,C13,Tracking!C:C,"5v4",Tracking!J:J,"opr")+COUNTIFS(Tracking!G:G,A13,Tracking!D:D,C13,Tracking!C:C,"5v4",Tracking!J:J,"oelpl")+COUNTIFS(Tracking!G:G,A13,Tracking!D:D,C13,Tracking!C:C,"5v4",Tracking!J:J,"oelpc")+COUNTIFS(Tracking!G:G,A13,Tracking!D:D,C13,Tracking!C:C,"5v4",Tracking!J:J,"oelpr") | BQ13: =COUNTIFS(Tracking!G:G,A13,Tracking!D:D,C13,Tracking!C:C,"5v4",Tracking!J:J,"oell")+COUNTIFS(Tracking!G:G,A13,Tracking!D:D,C13,Tracking!C:C,"5v4",Tracking!J:J,"oelc")+COUNTIFS(Tracking!G:G,A13,Tracking!D:D,C13,Tracking!C:C,"5v4",Tracking!J:J,"oelr") | BR13: =COUNTIFS(Tracking!E:E,A13,Tracking!D:D,C13,Tracking!C:C,"5v5",Tracking!F:F,"o") | BS13: =COUNTIFS(Tracking!E:E,A13,Tracking!D:D,C13,Tracking!C:C,"5v5",Tracking!F:F,"r") | BT13: =COUNTIFS(Tracking!E:E,A13,Tracking!D:D,C13,Tracking!C:C,"5v5",Tracking!F:F,"t") | BU13: =COUNTIFS(Tracking!G:G,A13,Tracking!D:D,C13,Tracking!C:C,"5v5",Tracking!F:F,"o") | BV13: =COUNTIFS(Tracking!E:E,A12,Tracking!D:D,C13,Tracking!C:C,"5v5",Tracking!F:F,"r") | BW13: =COUNTIFS(Tracking!G:G,A13,Tracking!D:D,C13,Tracking!C:C,"5v5",Tracking!F:F,"T") | BX13: =COUNTIFS(Tracking!E:E,A13,Tracking!D:D,C13,Tracking!C:C,"5v5",Tracking!Q:Q,"OZ") | BY13: =COUNTIFS(Tracking!E:E,A13,Tracking!D:D,C13,Tracking!C:C,"5v5",Tracking!Q:Q,"nZ") | BZ13: =COUNTIFS(Tracking!E:E,A13,Tracking!D:D,C13,Tracking!C:C,"5v5",Tracking!Q:Q,"dZ") | CA13: =COUNTIFS(Tracking!G:G,A13,Tracking!D:D,C13,Tracking!C:C,"5v5",Tracking!Q:Q,"OZ")+COUNTIFS(Tracking!H:H,A13,Tracking!D:D,C13,Tracking!C:C,"5v5",Tracking!Q:Q,"OZ")+COUNTIFS(Tracking!I:I,A13,Tracking!D:D,C13,Tracking!C:C,"5v5",Tracking!Q:Q,"OZ") | CB13: =COUNTIFS(Tracking!G:G,A13,Tracking!D:D,C13,Tracking!C:C,"5v5",Tracking!Q:Q,"nZ")+COUNTIFS(Tracking!H:H,A13,Tracking!D:D,C13,Tracking!C:C,"5v5",Tracking!Q:Q,"nZ")+COUNTIFS(Tracking!I:I,A13,Tracking!D:D,C13,Tracking!C:C,"5v5",Tracking!Q:Q,"nZ") | CC13: =COUNTIFS(Tracking!G:G,A13,Tracking!D:D,C13,Tracking!C:C,"5v5",Tracking!Q:Q,"dZ")+COUNTIFS(Tracking!H:H,A13,Tracking!D:D,C13,Tracking!C:C,"5v5",Tracking!Q:Q,"dZ")+COUNTIFS(Tracking!I:I,A13,Tracking!D:D,C13,Tracking!C:C,"5v5",Tracking!Q:Q,"dZ") | CD13: =COUNTIFS(Tracking!E:E,A13,Tracking!D:D,C13,Tracking!C:C,"5v5",Tracking!R:R,"dz exit") | CE13: =COUNTIFS(Tracking!E:E,A13,Tracking!D:D,C13,Tracking!C:C,"5v5",Tracking!R:R,"dz counter") | CF13: =COUNTIFS(Tracking!E:E,A13,Tracking!D:D,C13,Tracking!C:C,"5v5",Tracking!R:R,"nz turnover") | CG13: =COUNTIFS(Tracking!E:E,A13,Tracking!D:D,C13,Tracking!C:C,"5v5",Tracking!R:R,"nz regroup") | CH13: =COUNTIFS(Tracking!E:E,A13,Tracking!D:D,C13,Tracking!C:C,"5v5",Tracking!R:R,"nz reload") | CI13: =COUNTIFS(Tracking!E:E,A13,Tracking!D:D,C13,Tracking!C:C,"5v5",Tracking!R:R,"controlled breakout") | CJ13: =CK13+CL13+CM13+CN13+CO13+CP13 | CK13: =(0.075*H13)+(0.07*L13)+(0.055*M13)+(0.055*N13)+(0.095*J13)+(0.09*O13)+(0.05*P13)+(0.05*R13)+(0.05*S13)+(0.05*AB13) | CL13: =(0.045*AD13)-(0.045*AE13)+(0.055*AH13)+(0.035*AI13) | CM13: =(0.015*(AY13-AZ13))+(0.035*BA13)-(0.015*BB13)-(0.025*BC13)+(0.015*(AY13-(BD13+BC13))) | CN13: =(0.035*AN13)+(0.025*AS13)-(0.035*AT13)-(0.035*AV13) | CO13: =(0.015*AJ13)+(0.045*AG13) | CP13: =(0.055*BM13)+(0.055*BN13)+(0.035*BO13)+(0.035*BQ13)+(0.055*BH13)+(0.035*BI13)+(0.035*BG13) | CQ13: =CK13+CL13+CM13+CN13+CO13
